run_accession	experiment_accession	sample_accession	sample_alias	library_name	library_strategy	instrument_model	instrument_platform	read_count	base_count	experiment_title	sample_title
SRR24908614	SRX20670092	SAMN35724693	GSM7475160	GSM7475160	RNA-Seq	Illumina NovaSeq 6000	ILLUMINA	192827612	17547312692	Illumina NovaSeq 6000 sequencing: GSM7475160: hbca_n16,P59,replicate_1,right,nuclei Homo sapiens RNA-Seq	hbca_n16,P59,replicate_1,right,nuclei
SRR24908623	SRX20670087	SAMN35724698	GSM7475155	GSM7475155	RNA-Seq	Illumina NovaSeq 6000	ILLUMINA	173459348	15437881972	Illumina NovaSeq 6000 sequencing: GSM7475155: hbca_n11,P20,replicate_1,rm,nuclei Homo sapiens RNA-Seq	hbca_n11,P20,replicate_1,rm,nuclei
SRR24908628	SRX20670085	SAMN35724699	GSM7475154	GSM7475154	RNA-Seq	Illumina HiSeq 4000	ILLUMINA	113701144	11142712112	Illumina HiSeq 4000 sequencing: GSM7475154: hbca_n10,P19,replicate_1,left and right breast,nuclei Homo sapiens RNA-Seq	hbca_n10,P19,replicate_1,left and right breast,nuclei
SRR24908629	SRX20670085	SAMN35724699	GSM7475154	GSM7475154	RNA-Seq	Illumina HiSeq 4000	ILLUMINA	76114871	7459257358	Illumina HiSeq 4000 sequencing: GSM7475154: hbca_n10,P19,replicate_1,left and right breast,nuclei Homo sapiens RNA-Seq	hbca_n10,P19,replicate_1,left and right breast,nuclei
SRR24908634	SRX20670084	SAMN35724700	GSM7475153	GSM7475153	RNA-Seq	Illumina HiSeq 4000	ILLUMINA	23309947	2284374806	Illumina HiSeq 4000 sequencing: GSM7475153: hbca_n09,P18,replicate_1,left and right breast,nuclei Homo sapiens RNA-Seq	hbca_n09,P18,replicate_1,left and right breast,nuclei
SRR24908636	SRX20670083	SAMN35724701	GSM7475152	GSM7475152	RNA-Seq	Illumina HiSeq 4000	ILLUMINA	58262780	5709752440	Illumina HiSeq 4000 sequencing: GSM7475152: hbca_n08,P17,replicate_1,blank,nuclei Homo sapiens RNA-Seq	hbca_n08,P17,replicate_1,blank,nuclei
SRR24908638	SRX20670083	SAMN35724701	GSM7475152	GSM7475152	RNA-Seq	Illumina HiSeq 4000	ILLUMINA	34342876	3365601848	Illumina HiSeq 4000 sequencing: GSM7475152: hbca_n08,P17,replicate_1,blank,nuclei Homo sapiens RNA-Seq	hbca_n08,P17,replicate_1,blank,nuclei
SRR24908639	SRX20670082	SAMN35724702	GSM7475151	GSM7475151	RNA-Seq	Illumina HiSeq 4000	ILLUMINA	14100068	1381806664	Illumina HiSeq 4000 sequencing: GSM7475151: hbca_n07,P12,replicate_1,left and right breast,nuclei Homo sapiens RNA-Seq	hbca_n07,P12,replicate_1,left and right breast,nuclei
SRR24908649	SRX20670079	SAMN35724706	GSM7475147	GSM7475147	RNA-Seq	Illumina HiSeq 4000	ILLUMINA	346926721	43712766846	Illumina HiSeq 4000 sequencing: GSM7475147: hbca_n03,P10,replicate_1,contra,nuclei Homo sapiens RNA-Seq	hbca_n03,P10,replicate_1,contra,nuclei
SRR24908654	SRX20670075	SAMN35724686	GSM7475167	GSM7475167	RNA-Seq	Illumina NovaSeq 6000	ILLUMINA	193249538	17585707958	Illumina NovaSeq 6000 sequencing: GSM7475167: hbca_n23,P41,replicate_1,left,nuclei Homo sapiens RNA-Seq	hbca_n23,P41,replicate_1,left,nuclei
SRR24908655	SRX20670075	SAMN35724686	GSM7475167	GSM7475167	RNA-Seq	Illumina NovaSeq 6000	ILLUMINA	191781636	17452128876	Illumina NovaSeq 6000 sequencing: GSM7475167: hbca_n23,P41,replicate_1,left,nuclei Homo sapiens RNA-Seq	hbca_n23,P41,replicate_1,left,nuclei
SRR24908658	SRX20670073	SAMN35724688	GSM7475165	GSM7475165	RNA-Seq	Illumina NovaSeq 6000	ILLUMINA	180756497	16448841227	Illumina NovaSeq 6000 sequencing: GSM7475165: hbca_n21,P40,replicate_1,left,nuclei Homo sapiens RNA-Seq	hbca_n21,P40,replicate_1,left,nuclei
SRR24908662	SRX20670071	SAMN35724690	GSM7475163	GSM7475163	RNA-Seq	Illumina NovaSeq 6000	ILLUMINA	196159403	17850505673	Illumina NovaSeq 6000 sequencing: GSM7475163: hbca_n19,P39,replicate_1,left,nuclei Homo sapiens RNA-Seq	hbca_n19,P39,replicate_1,left,nuclei
SRR24908663	SRX20670071	SAMN35724690	GSM7475163	GSM7475163	RNA-Seq	Illumina NovaSeq 6000	ILLUMINA	196106606	17845701146	Illumina NovaSeq 6000 sequencing: GSM7475163: hbca_n19,P39,replicate_1,left,nuclei Homo sapiens RNA-Seq	hbca_n19,P39,replicate_1,left,nuclei
SRR24908664	SRX20670070	SAMN35724691	GSM7475162	GSM7475162	RNA-Seq	Illumina NovaSeq 6000	ILLUMINA	178429015	16237040365	Illumina NovaSeq 6000 sequencing: GSM7475162: hbca_n18,P38,replicate_1,right,nuclei Homo sapiens RNA-Seq	hbca_n18,P38,replicate_1,right,nuclei
SRR24916187	SRX20677101	SAMN35724360	GSM7475121	GSM7475121	RNA-Seq	Illumina NovaSeq 6000	ILLUMINA	376273215	14298382170	Illumina NovaSeq 6000 sequencing: GSM7475121: P82, replicate_1, right, frozen tissue OCT, visium Homo sapiens RNA-Seq	P82, replicate_1, right, frozen tissue OCT, visium
SRR24916192	SRX20677099	SAMN35724362	GSM7475119	GSM7475119	RNA-Seq	Illumina NovaSeq 6000	ILLUMINA	404861379	40486137900	Illumina NovaSeq 6000 sequencing: GSM7475119: P85, replicate_1, right, frozen tissue OCT, visium Homo sapiens RNA-Seq	P85, replicate_1, right, frozen tissue OCT, visium
SRR24916203	SRX20677093	SAMN35724368	GSM7475113	GSM7475113	RNA-Seq	Illumina NovaSeq 6000	ILLUMINA	478182981	18170953278	Illumina NovaSeq 6000 sequencing: GSM7475113: P35, replicate_1, contra, frozen tissue OCT, visium Homo sapiens RNA-Seq	P35, replicate_1, contra, frozen tissue OCT, visium
SRR24975296	SRX20733006	SAMN35813562	GSM7500433	GSM7500433	RNA-Seq	Illumina NovaSeq 6000	ILLUMINA	86775356	7896557396	Illumina NovaSeq 6000 sequencing: GSM7500433: hbca_c124,P83,replicate_1,right,3hr_digestion Homo sapiens RNA-Seq	hbca_c124,P83,replicate_1,right,3hr_digestion
SRR24975300	SRX20733005	SAMN35813552	GSM7500443	GSM7500443	RNA-Seq	Illumina NovaSeq 6000	ILLUMINA	107702023	9800884093	Illumina NovaSeq 6000 sequencing: GSM7500443: hbca_c134,P93,replicate_1,right,2hr_digstion Homo sapiens RNA-Seq	hbca_c134,P93,replicate_1,right,2hr_digstion
SRR24975301	SRX20733005	SAMN35813552	GSM7500443	GSM7500443	RNA-Seq	Illumina NovaSeq 6000	ILLUMINA	107790865	9808968715	Illumina NovaSeq 6000 sequencing: GSM7500443: hbca_c134,P93,replicate_1,right,2hr_digstion Homo sapiens RNA-Seq	hbca_c134,P93,replicate_1,right,2hr_digstion
SRR24975303	SRX20733004	SAMN35813553	GSM7500442	GSM7500442	RNA-Seq	Illumina NovaSeq 6000	ILLUMINA	70255451	6393246041	Illumina NovaSeq 6000 sequencing: GSM7500442: hbca_c133,P92,replicate_1,right,2hr_digstion Homo sapiens RNA-Seq	hbca_c133,P92,replicate_1,right,2hr_digstion
SRR24975304	SRX20733004	SAMN35813553	GSM7500442	GSM7500442	RNA-Seq	Illumina NovaSeq 6000	ILLUMINA	69031101	6281830191	Illumina NovaSeq 6000 sequencing: GSM7500442: hbca_c133,P92,replicate_1,right,2hr_digstion Homo sapiens RNA-Seq	hbca_c133,P92,replicate_1,right,2hr_digstion
SRR24975306	SRX20733003	SAMN35813554	GSM7500441	GSM7500441	RNA-Seq	Illumina NovaSeq 6000	ILLUMINA	53009430	4823858130	Illumina NovaSeq 6000 sequencing: GSM7500441: hbca_c132,P91,replicate_1,left,6hr_digestion Homo sapiens RNA-Seq	hbca_c132,P91,replicate_1,left,6hr_digestion
SRR24975311	SRX20733002	SAMN35813559	GSM7500436	GSM7500436	RNA-Seq	Illumina NovaSeq 6000	ILLUMINA	91488692	8325470972	Illumina NovaSeq 6000 sequencing: GSM7500436: hbca_c127,P86,replicate_1,right,2hr_digstion Homo sapiens RNA-Seq	hbca_c127,P86,replicate_1,right,2hr_digstion
SRR24975312	SRX20733002	SAMN35813559	GSM7500436	GSM7500436	RNA-Seq	Illumina NovaSeq 6000	ILLUMINA	89586840	8152402440	Illumina NovaSeq 6000 sequencing: GSM7500436: hbca_c127,P86,replicate_1,right,2hr_digstion Homo sapiens RNA-Seq	hbca_c127,P86,replicate_1,right,2hr_digstion
SRR24975313	SRX20733001	SAMN35813556	GSM7500439	GSM7500439	RNA-Seq	Illumina NovaSeq 6000	ILLUMINA	92863150	8450546650	Illumina NovaSeq 6000 sequencing: GSM7500439: hbca_c130,P89,replicate_1,right,2hr_digstion Homo sapiens RNA-Seq	hbca_c130,P89,replicate_1,right,2hr_digstion
SRR24975315	SRX20733001	SAMN35813556	GSM7500439	GSM7500439	RNA-Seq	Illumina NovaSeq 6000	ILLUMINA	87853720	7994688520	Illumina NovaSeq 6000 sequencing: GSM7500439: hbca_c130,P89,replicate_1,right,2hr_digstion Homo sapiens RNA-Seq	hbca_c130,P89,replicate_1,right,2hr_digstion
SRR24975319	SRX20733000	SAMN35813557	GSM7500438	GSM7500438	RNA-Seq	Illumina NovaSeq 6000	ILLUMINA	85020918	7736903538	Illumina NovaSeq 6000 sequencing: GSM7500438: hbca_c129,P88,replicate_1,right,3hr_digestion Homo sapiens RNA-Seq	hbca_c129,P88,replicate_1,right,3hr_digestion
SRR24975320	SRX20733000	SAMN35813557	GSM7500438	GSM7500438	RNA-Seq	Illumina NovaSeq 6000	ILLUMINA	85616627	7791113057	Illumina NovaSeq 6000 sequencing: GSM7500438: hbca_c129,P88,replicate_1,right,3hr_digestion Homo sapiens RNA-Seq	hbca_c129,P88,replicate_1,right,3hr_digestion
SRR24975322	SRX20732999	SAMN35813558	GSM7500437	GSM7500437	RNA-Seq	Illumina NovaSeq 6000	ILLUMINA	87458830	7958753530	Illumina NovaSeq 6000 sequencing: GSM7500437: hbca_c128,P87,replicate_1,right,3hr_digestion Homo sapiens RNA-Seq	hbca_c128,P87,replicate_1,right,3hr_digestion
SRR24975324	SRX20732999	SAMN35813558	GSM7500437	GSM7500437	RNA-Seq	Illumina NovaSeq 6000	ILLUMINA	87212549	7936341959	Illumina NovaSeq 6000 sequencing: GSM7500437: hbca_c128,P87,replicate_1,right,3hr_digestion Homo sapiens RNA-Seq	hbca_c128,P87,replicate_1,right,3hr_digestion
SRR24975335	SRX20732994	SAMN35813546	GSM7500449	GSM7500449	RNA-Seq	Illumina NovaSeq 6000	ILLUMINA	95553152	8695336832	Illumina NovaSeq 6000 sequencing: GSM7500449: hbca_c140,P99,replicate_1,left,3hr_digestion Homo sapiens RNA-Seq	hbca_c140,P99,replicate_1,left,3hr_digestion
SRR24975338	SRX20732994	SAMN35813546	GSM7500449	GSM7500449	RNA-Seq	Illumina NovaSeq 6000	ILLUMINA	97210319	8846139029	Illumina NovaSeq 6000 sequencing: GSM7500449: hbca_c140,P99,replicate_1,left,3hr_digestion Homo sapiens RNA-Seq	hbca_c140,P99,replicate_1,left,3hr_digestion
SRR24975339	SRX20732993	SAMN35813543	GSM7500452	GSM7500452	RNA-Seq	Illumina NovaSeq 6000	ILLUMINA	103218374	9392872034	Illumina NovaSeq 6000 sequencing: GSM7500452: hbca_c143,P102,replicate_1,left,2hr_digstion Homo sapiens RNA-Seq	hbca_c143,P102,replicate_1,left,2hr_digstion
SRR24975341	SRX20732993	SAMN35813543	GSM7500452	GSM7500452	RNA-Seq	Illumina NovaSeq 6000	ILLUMINA	101290489	9217434499	Illumina NovaSeq 6000 sequencing: GSM7500452: hbca_c143,P102,replicate_1,left,2hr_digstion Homo sapiens RNA-Seq	hbca_c143,P102,replicate_1,left,2hr_digstion
SRR24975342	SRX20732993	SAMN35813543	GSM7500452	GSM7500452	RNA-Seq	Illumina NovaSeq 6000	ILLUMINA	103047794	9377349254	Illumina NovaSeq 6000 sequencing: GSM7500452: hbca_c143,P102,replicate_1,left,2hr_digstion Homo sapiens RNA-Seq	hbca_c143,P102,replicate_1,left,2hr_digstion
SRR24975343	SRX20732992	SAMN35813544	GSM7500451	GSM7500451	RNA-Seq	Illumina NovaSeq 6000	ILLUMINA	111309243	10129141113	Illumina NovaSeq 6000 sequencing: GSM7500451: hbca_c142,P101,replicate_1,right,3hr_digestion Homo sapiens RNA-Seq	hbca_c142,P101,replicate_1,right,3hr_digestion
SRR24975352	SRX20732990	SAMN35813547	GSM7500448	GSM7500448	RNA-Seq	Illumina NovaSeq 6000	ILLUMINA	96796877	8808515807	Illumina NovaSeq 6000 sequencing: GSM7500448: hbca_c139,P98,replicate_1,left,3hr_digestion Homo sapiens RNA-Seq	hbca_c139,P98,replicate_1,left,3hr_digestion
SRR24975353	SRX20732990	SAMN35813547	GSM7500448	GSM7500448	RNA-Seq	Illumina NovaSeq 6000	ILLUMINA	95361865	8677929715	Illumina NovaSeq 6000 sequencing: GSM7500448: hbca_c139,P98,replicate_1,left,3hr_digestion Homo sapiens RNA-Seq	hbca_c139,P98,replicate_1,left,3hr_digestion
SRR24975354	SRX20732990	SAMN35813547	GSM7500448	GSM7500448	RNA-Seq	Illumina NovaSeq 6000	ILLUMINA	95406544	8681995504	Illumina NovaSeq 6000 sequencing: GSM7500448: hbca_c139,P98,replicate_1,left,3hr_digestion Homo sapiens RNA-Seq	hbca_c139,P98,replicate_1,left,3hr_digestion
SRR24975357	SRX20732989	SAMN35813548	GSM7500447	GSM7500447	RNA-Seq	Illumina NovaSeq 6000	ILLUMINA	111980436	10190219676	Illumina NovaSeq 6000 sequencing: GSM7500447: hbca_c138,P97,replicate_1,right,3hr_digestion Homo sapiens RNA-Seq	hbca_c138,P97,replicate_1,right,3hr_digestion
SRR24975358	SRX20732989	SAMN35813548	GSM7500447	GSM7500447	RNA-Seq	Illumina NovaSeq 6000	ILLUMINA	111962643	10188600513	Illumina NovaSeq 6000 sequencing: GSM7500447: hbca_c138,P97,replicate_1,right,3hr_digestion Homo sapiens RNA-Seq	hbca_c138,P97,replicate_1,right,3hr_digestion
SRR24975359	SRX20732988	SAMN35813549	GSM7500446	GSM7500446	RNA-Seq	Illumina NovaSeq 6000	ILLUMINA	101744836	9258780076	Illumina NovaSeq 6000 sequencing: GSM7500446: hbca_c137,P96,replicate_1,left,2hr_digstion Homo sapiens RNA-Seq	hbca_c137,P96,replicate_1,left,2hr_digstion
SRR24975360	SRX20732988	SAMN35813549	GSM7500446	GSM7500446	RNA-Seq	Illumina NovaSeq 6000	ILLUMINA	104760556	9533210596	Illumina NovaSeq 6000 sequencing: GSM7500446: hbca_c137,P96,replicate_1,left,2hr_digstion Homo sapiens RNA-Seq	hbca_c137,P96,replicate_1,left,2hr_digstion
SRR24975365	SRX20732987	SAMN35813550	GSM7500445	GSM7500445	RNA-Seq	Illumina NovaSeq 6000	ILLUMINA	102347526	9313624866	Illumina NovaSeq 6000 sequencing: GSM7500445: hbca_c136,P95,replicate_1,left,6hr_digestion Homo sapiens RNA-Seq	hbca_c136,P95,replicate_1,left,6hr_digestion
SRR24975366	SRX20732987	SAMN35813550	GSM7500445	GSM7500445	RNA-Seq	Illumina NovaSeq 6000	ILLUMINA	102345275	9313420025	Illumina NovaSeq 6000 sequencing: GSM7500445: hbca_c136,P95,replicate_1,left,6hr_digestion Homo sapiens RNA-Seq	hbca_c136,P95,replicate_1,left,6hr_digestion
SRR24975368	SRX20732986	SAMN35813564	GSM7500431	GSM7500431	RNA-Seq	Illumina NovaSeq 6000	ILLUMINA	104609601	9519473691	Illumina NovaSeq 6000 sequencing: GSM7500431: hbca_c122,P81,replicate_1,right,2hr_digstion Homo sapiens RNA-Seq	hbca_c122,P81,replicate_1,right,2hr_digstion
SRR24975372	SRX20732985	SAMN35813563	GSM7500432	GSM7500432	RNA-Seq	Illumina NovaSeq 6000	ILLUMINA	105078907	9562180537	Illumina NovaSeq 6000 sequencing: GSM7500432: hbca_c123,P82,replicate_1,right,3hr_digestion Homo sapiens RNA-Seq	hbca_c123,P82,replicate_1,right,3hr_digestion
SRR24975373	SRX20732985	SAMN35813563	GSM7500432	GSM7500432	RNA-Seq	Illumina NovaSeq 6000	ILLUMINA	102861109	9360360919	Illumina NovaSeq 6000 sequencing: GSM7500432: hbca_c123,P82,replicate_1,right,3hr_digestion Homo sapiens RNA-Seq	hbca_c123,P82,replicate_1,right,3hr_digestion
SRR24975375	SRX20733008	SAMN35813555	GSM7500440	GSM7500440	RNA-Seq	Illumina NovaSeq 6000	ILLUMINA	102800378	9354834398	Illumina NovaSeq 6000 sequencing: GSM7500440: hbca_c131,P90,replicate_1,right,3hr_digestion Homo sapiens RNA-Seq	hbca_c131,P90,replicate_1,right,3hr_digestion
SRR24975376	SRX20733008	SAMN35813555	GSM7500440	GSM7500440	RNA-Seq	Illumina NovaSeq 6000	ILLUMINA	102224711	9302448701	Illumina NovaSeq 6000 sequencing: GSM7500440: hbca_c131,P90,replicate_1,right,3hr_digestion Homo sapiens RNA-Seq	hbca_c131,P90,replicate_1,right,3hr_digestion
SRR24975377	SRX20733008	SAMN35813555	GSM7500440	GSM7500440	RNA-Seq	Illumina NovaSeq 6000	ILLUMINA	96930077	8820637007	Illumina NovaSeq 6000 sequencing: GSM7500440: hbca_c131,P90,replicate_1,right,3hr_digestion Homo sapiens RNA-Seq	hbca_c131,P90,replicate_1,right,3hr_digestion
SRR24975380	SRX20733007	SAMN35813551	GSM7500444	GSM7500444	RNA-Seq	Illumina NovaSeq 6000	ILLUMINA	102447844	9322753804	Illumina NovaSeq 6000 sequencing: GSM7500444: hbca_c135,P94,replicate_1,right,3hr_digestion Homo sapiens RNA-Seq	hbca_c135,P94,replicate_1,right,3hr_digestion
SRR24975382	SRX20732984	SAMN35813569	GSM7500426	GSM7500426	RNA-Seq	Illumina NovaSeq 6000	ILLUMINA	118824034	10812987094	Illumina NovaSeq 6000 sequencing: GSM7500426: hbca_c117,P76,replicate_1,left,3hr_digestion Homo sapiens RNA-Seq	hbca_c117,P76,replicate_1,left,3hr_digestion
SRR24975383	SRX20732983	SAMN35813565	GSM7500430	GSM7500430	RNA-Seq	Illumina NovaSeq 6000	ILLUMINA	85742562	7802573142	Illumina NovaSeq 6000 sequencing: GSM7500430: hbca_c121,P80,replicate_1,right,2hr_digstion Homo sapiens RNA-Seq	hbca_c121,P80,replicate_1,right,2hr_digstion
SRR24975387	SRX20732998	SAMN35813560	GSM7500435	GSM7500435	RNA-Seq	Illumina NovaSeq 6000	ILLUMINA	98841152	8994544832	Illumina NovaSeq 6000 sequencing: GSM7500435: hbca_c126,P85,replicate_1,right,2hr_digstion Homo sapiens RNA-Seq	hbca_c126,P85,replicate_1,right,2hr_digstion
SRR24975389	SRX20732982	SAMN35813566	GSM7500429	GSM7500429	RNA-Seq	Illumina NovaSeq 6000	ILLUMINA	91057053	8286191823	Illumina NovaSeq 6000 sequencing: GSM7500429: hbca_c120,P79,replicate_1,left,3hr_digestion Homo sapiens RNA-Seq	hbca_c120,P79,replicate_1,left,3hr_digestion
SRR24975394	SRX20732981	SAMN35813567	GSM7500428	GSM7500428	RNA-Seq	Illumina NovaSeq 6000	ILLUMINA	76288547	6942257777	Illumina NovaSeq 6000 sequencing: GSM7500428: hbca_c119,P78,replicate_1,right,2hr_digstion Homo sapiens RNA-Seq	hbca_c119,P78,replicate_1,right,2hr_digstion
SRR24975395	SRX20732981	SAMN35813567	GSM7500428	GSM7500428	RNA-Seq	Illumina NovaSeq 6000	ILLUMINA	74711820	6798775620	Illumina NovaSeq 6000 sequencing: GSM7500428: hbca_c119,P78,replicate_1,right,2hr_digstion Homo sapiens RNA-Seq	hbca_c119,P78,replicate_1,right,2hr_digstion
SRR24975398	SRX20733006	SAMN35813562	GSM7500433	GSM7500433	RNA-Seq	Illumina NovaSeq 6000	ILLUMINA	85301029	7762393639	Illumina NovaSeq 6000 sequencing: GSM7500433: hbca_c124,P83,replicate_1,right,3hr_digestion Homo sapiens RNA-Seq	hbca_c124,P83,replicate_1,right,3hr_digestion
SRR24975407	SRX20732978	SAMN35813570	GSM7500425	GSM7500425	RNA-Seq	Illumina NovaSeq 6000	ILLUMINA	115113217	10475302747	Illumina NovaSeq 6000 sequencing: GSM7500425: hbca_c116,P75,replicate_1,left,3hr_digestion Homo sapiens RNA-Seq	hbca_c116,P75,replicate_1,left,3hr_digestion
SRR24975410	SRX20732978	SAMN35813570	GSM7500425	GSM7500425	RNA-Seq	Illumina NovaSeq 6000	ILLUMINA	114915994	10457355454	Illumina NovaSeq 6000 sequencing: GSM7500425: hbca_c116,P75,replicate_1,left,3hr_digestion Homo sapiens RNA-Seq	hbca_c116,P75,replicate_1,left,3hr_digestion
SRR24975411	SRX20732977	SAMN35813588	GSM7500407	GSM7500407	RNA-Seq	Illumina NovaSeq 6000	ILLUMINA	161769472	14721021952	Illumina NovaSeq 6000 sequencing: GSM7500407: hbca_c97,P61,replicate_1,right,4hr_digestion Homo sapiens RNA-Seq	hbca_c97,P61,replicate_1,right,4hr_digestion
SRR24975414	SRX20732976	SAMN35813589	GSM7500406	GSM7500406	RNA-Seq	Illumina NovaSeq 6000	ILLUMINA	139680569	12710931779	Illumina NovaSeq 6000 sequencing: GSM7500406: hbca_c96,P61,replicate_1,left,4hr_digestion Homo sapiens RNA-Seq	hbca_c96,P61,replicate_1,left,4hr_digestion
SRR24975415	SRX20732868	SAMN35813629	GSM7500366	GSM7500366	RNA-Seq	Illumina NovaSeq 6000	ILLUMINA	185854690	16912776790	Illumina NovaSeq 6000 sequencing: GSM7500366: hbca_c57,P48,replicate_1,left,2hr_digstion Homo sapiens RNA-Seq	hbca_c57,P48,replicate_1,left,2hr_digstion
SRR24975417	SRX20732975	SAMN35813590	GSM7500405	GSM7500405	RNA-Seq	Illumina NovaSeq 6000	ILLUMINA	172533549	15700552959	Illumina NovaSeq 6000 sequencing: GSM7500405: hbca_c95,P60,replicate_1,right,3hr_digestion Homo sapiens RNA-Seq	hbca_c95,P60,replicate_1,right,3hr_digestion
SRR24975418	SRX20732974	SAMN35813599	GSM7500396	GSM7500396	RNA-Seq	Illumina NovaSeq 6000	ILLUMINA	197272383	17951786853	Illumina NovaSeq 6000 sequencing: GSM7500396: hbca_c87,P40,replicate_1,right,3hr_digestion Homo sapiens RNA-Seq	hbca_c87,P40,replicate_1,right,3hr_digestion
SRR24975422	SRX20732913	SAMN35813591	GSM7500404	GSM7500404	RNA-Seq	Illumina NovaSeq 6000	ILLUMINA	186226482	16946609862	Illumina NovaSeq 6000 sequencing: GSM7500404: hbca_c94,P60,replicate_1,left,3hr_digestion Homo sapiens RNA-Seq	hbca_c94,P60,replicate_1,left,3hr_digestion
SRR24975423	SRX20732972	SAMN35813592	GSM7500403	GSM7500403	RNA-Seq	Illumina NovaSeq 6000	ILLUMINA	207849130	18914270830	Illumina NovaSeq 6000 sequencing: GSM7500403: hbca_c93,P59,replicate_1,right,3hr_digestion Homo sapiens RNA-Seq	hbca_c93,P59,replicate_1,right,3hr_digestion
SRR24975426	SRX20732971	SAMN35813593	GSM7500402	GSM7500402	RNA-Seq	Illumina NovaSeq 6000	ILLUMINA	223787954	20364703814	Illumina NovaSeq 6000 sequencing: GSM7500402: hbca_c100,P59,replicate_2,left,3hr_digestion Homo sapiens RNA-Seq	hbca_c100,P59,replicate_2,left,3hr_digestion
SRR24975430	SRX20732969	SAMN35813595	GSM7500400	GSM7500400	RNA-Seq	Illumina NovaSeq 6000	ILLUMINA	133939819	12188523529	Illumina NovaSeq 6000 sequencing: GSM7500400: hbca_c91,P41,replicate_1,right,4hr_digestion Homo sapiens RNA-Seq	hbca_c91,P41,replicate_1,right,4hr_digestion
SRR24975431	SRX20732968	SAMN35813596	GSM7500399	GSM7500399	RNA-Seq	Illumina NovaSeq 6000	ILLUMINA	206019830	18747804530	Illumina NovaSeq 6000 sequencing: GSM7500399: hbca_c90,P41,replicate_1,left,4hr_digestion Homo sapiens RNA-Seq	hbca_c90,P41,replicate_1,left,4hr_digestion
SRR24975432	SRX20732968	SAMN35813596	GSM7500399	GSM7500399	RNA-Seq	Illumina NovaSeq 6000	ILLUMINA	204085484	18571779044	Illumina NovaSeq 6000 sequencing: GSM7500399: hbca_c90,P41,replicate_1,left,4hr_digestion Homo sapiens RNA-Seq	hbca_c90,P41,replicate_1,left,4hr_digestion
SRR24975434	SRX20732967	SAMN35813597	GSM7500398	GSM7500398	RNA-Seq	Illumina NovaSeq 6000	ILLUMINA	190712156	17354806196	Illumina NovaSeq 6000 sequencing: GSM7500398: hbca_c89,P58,replicate_1,right,3hr_digestion Homo sapiens RNA-Seq	hbca_c89,P58,replicate_1,right,3hr_digestion
SRR24975435	SRX20732966	SAMN35813605	GSM7500390	GSM7500390	RNA-Seq	Illumina NovaSeq 6000	ILLUMINA	185081497	16842416227	Illumina NovaSeq 6000 sequencing: GSM7500390: hbca_c81,P57,replicate_1,right,3hr_digestion Homo sapiens RNA-Seq	hbca_c81,P57,replicate_1,right,3hr_digestion
SRR24975438	SRX20732964	SAMN35813601	GSM7500394	GSM7500394	RNA-Seq	Illumina NovaSeq 6000	ILLUMINA	244135658	22216344878	Illumina NovaSeq 6000 sequencing: GSM7500394: hbca_c85,P39,replicate_1,right,3hr_digestion Homo sapiens RNA-Seq	hbca_c85,P39,replicate_1,right,3hr_digestion
SRR24975439	SRX20732964	SAMN35813601	GSM7500394	GSM7500394	RNA-Seq	Illumina NovaSeq 6000	ILLUMINA	244244568	22226255688	Illumina NovaSeq 6000 sequencing: GSM7500394: hbca_c85,P39,replicate_1,right,3hr_digestion Homo sapiens RNA-Seq	hbca_c85,P39,replicate_1,right,3hr_digestion
SRR24975440	SRX20732963	SAMN35813602	GSM7500393	GSM7500393	RNA-Seq	Illumina NovaSeq 6000	ILLUMINA	238241406	21679967946	Illumina NovaSeq 6000 sequencing: GSM7500393: hbca_c84,P39,replicate_1,left,3hr_digestion Homo sapiens RNA-Seq	hbca_c84,P39,replicate_1,left,3hr_digestion
SRR24975443	SRX20732962	SAMN35813603	GSM7500392	GSM7500392	RNA-Seq	Illumina NovaSeq 6000	ILLUMINA	179900178	16370916198	Illumina NovaSeq 6000 sequencing: GSM7500392: hbca_c83,P38,replicate_1,right,3hr_digestion Homo sapiens RNA-Seq	hbca_c83,P38,replicate_1,right,3hr_digestion
SRR24975445	SRX20732909	SAMN35813604	GSM7500391	GSM7500391	RNA-Seq	Illumina NovaSeq 6000	ILLUMINA	159826819	14544240529	Illumina NovaSeq 6000 sequencing: GSM7500391: hbca_c82,P38,replicate_1,left,3hr_digestion Homo sapiens RNA-Seq	hbca_c82,P38,replicate_1,left,3hr_digestion
SRR24975454	SRX20732957	SAMN35813500	GSM7500495	GSM7500495	RNA-Seq	Illumina NovaSeq 6000	ILLUMINA	231728899	21087329809	Illumina NovaSeq 6000 sequencing: GSM7500495: hbca_c44,P35,replicate_1,contra,overnight_digestion Homo sapiens RNA-Seq	hbca_c44,P35,replicate_1,contra,overnight_digestion
SRR24975462	SRX20732953	SAMN35813504	GSM7500491	GSM7500491	RNA-Seq	Illumina NovaSeq 6000	ILLUMINA	191130774	17392900434	Illumina NovaSeq 6000 sequencing: GSM7500491: hbca_c29,P23,replicate_1,contra,short_digestion Homo sapiens RNA-Seq	hbca_c29,P23,replicate_1,contra,short_digestion
SRR24975465	SRX20732952	SAMN35813505	GSM7500490	GSM7500490	RNA-Seq	Illumina NovaSeq 6000	ILLUMINA	196136942	17848461722	Illumina NovaSeq 6000 sequencing: GSM7500490: hbca_c28,P22,replicate_1,contra,short_digestion Homo sapiens RNA-Seq	hbca_c28,P22,replicate_1,contra,short_digestion
SRR24975467	SRX20732951	SAMN35813506	GSM7500489	GSM7500489	RNA-Seq	Illumina NovaSeq 6000	ILLUMINA	176716384	16081190944	Illumina NovaSeq 6000 sequencing: GSM7500489: hbca_c27,P21,replicate_1,contra,overnight_digestion Homo sapiens RNA-Seq	hbca_c27,P21,replicate_1,contra,overnight_digestion
SRR24975469	SRX20732950	SAMN35813507	GSM7500488	GSM7500488	RNA-Seq	Illumina NovaSeq 6000	ILLUMINA	199539663	18158109333	Illumina NovaSeq 6000 sequencing: GSM7500488: hbca_c43,P34,replicate_1,contra,overnight_digestion Homo sapiens RNA-Seq	hbca_c43,P34,replicate_1,contra,overnight_digestion
SRR24975473	SRX20732947	SAMN35813510	GSM7500485	GSM7500485	RNA-Seq	Illumina NovaSeq 6000	ILLUMINA	197946367	17617226663	Illumina NovaSeq 6000 sequencing: GSM7500485: hbca_c26,P20,replicate_1,NA,overnight_digestion Homo sapiens RNA-Seq	hbca_c26,P20,replicate_1,NA,overnight_digestion
SRR24975476	SRX20732946	SAMN35813511	GSM7500484	GSM7500484	RNA-Seq	Illumina NovaSeq 6000	ILLUMINA	189625875	16876702875	Illumina NovaSeq 6000 sequencing: GSM7500484: hbca_c25,P20,replicate_1,NA,short_digestion Homo sapiens RNA-Seq	hbca_c25,P20,replicate_1,NA,short_digestion
SRR24975479	SRX20732944	SAMN35813513	GSM7500482	GSM7500482	RNA-Seq	Illumina NovaSeq 6000	ILLUMINA	199286052	18135030732	Illumina NovaSeq 6000 sequencing: GSM7500482: hbca_c33,P25,replicate_1,contra,overnight_digestion Homo sapiens RNA-Seq	hbca_c33,P25,replicate_1,contra,overnight_digestion
SRR24975481	SRX20732943	SAMN35813514	GSM7500481	GSM7500481	RNA-Seq	Illumina NovaSeq 6000	ILLUMINA	194853470	17731665770	Illumina NovaSeq 6000 sequencing: GSM7500481: hbca_c39,P31,replicate_1,left,overnight_digestion Homo sapiens RNA-Seq	hbca_c39,P31,replicate_1,left,overnight_digestion
SRR24975484	SRX20732942	SAMN35813515	GSM7500480	GSM7500480	RNA-Seq	Illumina NovaSeq 6000	ILLUMINA	187503711	17062837701	Illumina NovaSeq 6000 sequencing: GSM7500480: hbca_c38,P30,replicate_1,right,overnight_digestion Homo sapiens RNA-Seq	hbca_c38,P30,replicate_1,right,overnight_digestion
SRR24975485	SRX20732941	SAMN35813523	GSM7500472	GSM7500472	RNA-Seq	Illumina HiSeq 4000	ILLUMINA	360412188	45411935688	Illumina HiSeq 4000 sequencing: GSM7500472: hbca_c10,P09,replicate_1,contra,overnight_digestion Homo sapiens RNA-Seq	hbca_c10,P09,replicate_1,contra,overnight_digestion
SRR24975486	SRX20732948	SAMN35813516	GSM7500479	GSM7500479	RNA-Seq	Illumina NovaSeq 6000	ILLUMINA	228673418	20809281038	Illumina NovaSeq 6000 sequencing: GSM7500479: hbca_c37,P29,replicate_1,contra,overnight_digestion Homo sapiens RNA-Seq	hbca_c37,P29,replicate_1,contra,overnight_digestion
SRR24975492	SRX20732936	SAMN35813518	GSM7500477	GSM7500477	RNA-Seq	Illumina NovaSeq 6000	ILLUMINA	218822738	19912869158	Illumina NovaSeq 6000 sequencing: GSM7500477: hbca_c35,P27,replicate_1,contra,short_digestion Homo sapiens RNA-Seq	hbca_c35,P27,replicate_1,contra,short_digestion
SRR24975494	SRX20732935	SAMN35813519	GSM7500476	GSM7500476	RNA-Seq	Illumina NovaSeq 6000	ILLUMINA	245259105	22318578555	Illumina NovaSeq 6000 sequencing: GSM7500476: hbca_c34,P26,replicate_1,contra,overnight_digestion Homo sapiens RNA-Seq	hbca_c34,P26,replicate_1,contra,overnight_digestion
SRR24975495	SRX20732935	SAMN35813519	GSM7500476	GSM7500476	RNA-Seq	Illumina NovaSeq 6000	ILLUMINA	246023561	22388144051	Illumina NovaSeq 6000 sequencing: GSM7500476: hbca_c34,P26,replicate_1,contra,overnight_digestion Homo sapiens RNA-Seq	hbca_c34,P26,replicate_1,contra,overnight_digestion
SRR24975498	SRX20732932	SAMN35813522	GSM7500473	GSM7500473	RNA-Seq	Illumina HiSeq 4000	ILLUMINA	342274452	43126580952	Illumina HiSeq 4000 sequencing: GSM7500473: hbca_c11,P10,replicate_1,contra,short_digestion Homo sapiens RNA-Seq	hbca_c11,P10,replicate_1,contra,short_digestion
SRR24975499	SRX20732931	SAMN35813525	GSM7500470	GSM7500470	RNA-Seq	Illumina HiSeq 4000	ILLUMINA	348249946	43879493196	Illumina HiSeq 4000 sequencing: GSM7500470: hbca_c08,P08,replicate_1,contra,short_digestion Homo sapiens RNA-Seq	hbca_c08,P08,replicate_1,contra,short_digestion
SRR24975503	SRX20732927	SAMN35813531	GSM7500464	GSM7500464	RNA-Seq	Illumina HiSeq 4000	ILLUMINA	348639606	43928590356	Illumina HiSeq 4000 sequencing: GSM7500464: hbca_c02,P02,replicate_1,contra,short_digestion Homo sapiens RNA-Seq	hbca_c02,P02,replicate_1,contra,short_digestion
SRR24975505	SRX20732925	SAMN35813572	GSM7500423	GSM7500423	RNA-Seq	Illumina NovaSeq 6000	ILLUMINA	200305096	18227763736	Illumina NovaSeq 6000 sequencing: GSM7500423: hbca_c114,P73,replicate_1,right,3hr_digestion Homo sapiens RNA-Seq	hbca_c114,P73,replicate_1,right,3hr_digestion
SRR24975507	SRX20732924	SAMN35813573	GSM7500422	GSM7500422	RNA-Seq	Illumina NovaSeq 6000	ILLUMINA	197373336	17960973576	Illumina NovaSeq 6000 sequencing: GSM7500422: hbca_c113,P72,replicate_1,right,2hr_digstion Homo sapiens RNA-Seq	hbca_c113,P72,replicate_1,right,2hr_digstion
SRR24975510	SRX20732922	SAMN35813575	GSM7500420	GSM7500420	RNA-Seq	Illumina NovaSeq 6000	ILLUMINA	208594746	18982121886	Illumina NovaSeq 6000 sequencing: GSM7500420: hbca_c111,P70,replicate_1,right,3hr_digestion Homo sapiens RNA-Seq	hbca_c111,P70,replicate_1,right,3hr_digestion
SRR24975512	SRX20732921	SAMN35813577	GSM7500418	GSM7500418	RNA-Seq	Illumina NovaSeq 6000	ILLUMINA	191898853	17462795623	Illumina NovaSeq 6000 sequencing: GSM7500418: hbca_c109,P68,replicate_1,left,2hr_digstion Homo sapiens RNA-Seq	hbca_c109,P68,replicate_1,left,2hr_digstion
SRR24975513	SRX20732921	SAMN35813577	GSM7500418	GSM7500418	RNA-Seq	Illumina NovaSeq 6000	ILLUMINA	190775946	17360611086	Illumina NovaSeq 6000 sequencing: GSM7500418: hbca_c109,P68,replicate_1,left,2hr_digstion Homo sapiens RNA-Seq	hbca_c109,P68,replicate_1,left,2hr_digstion
SRR24975515	SRX20732920	SAMN35813584	GSM7500411	GSM7500411	RNA-Seq	Illumina NovaSeq 6000	ILLUMINA	185104078	16844471098	Illumina NovaSeq 6000 sequencing: GSM7500411: hbca_c102,P63,replicate_1,right,3hr_digestion Homo sapiens RNA-Seq	hbca_c102,P63,replicate_1,right,3hr_digestion
SRR24975518	SRX20732919	SAMN35813578	GSM7500417	GSM7500417	RNA-Seq	Illumina NovaSeq 6000	ILLUMINA	190880749	17370148159	Illumina NovaSeq 6000 sequencing: GSM7500417: hbca_c108,P67,replicate_1,left,3hr_digestion Homo sapiens RNA-Seq	hbca_c108,P67,replicate_1,left,3hr_digestion
SRR24975520	SRX20732918	SAMN35813579	GSM7500416	GSM7500416	RNA-Seq	Illumina NovaSeq 6000	ILLUMINA	196031494	17838865954	Illumina NovaSeq 6000 sequencing: GSM7500416: hbca_c107,P66,replicate_1,right,3hr_digestion Homo sapiens RNA-Seq	hbca_c107,P66,replicate_1,right,3hr_digestion
SRR24975526	SRX20732915	SAMN35813582	GSM7500413	GSM7500413	RNA-Seq	Illumina NovaSeq 6000	ILLUMINA	184357306	16776514846	Illumina NovaSeq 6000 sequencing: GSM7500413: hbca_c104,P64,replicate_1,right,2hr_digstion Homo sapiens RNA-Seq	hbca_c104,P64,replicate_1,right,2hr_digstion
SRR24975528	SRX20732914	SAMN35813583	GSM7500412	GSM7500412	RNA-Seq	Illumina NovaSeq 6000	ILLUMINA	196562052	17887146732	Illumina NovaSeq 6000 sequencing: GSM7500412: hbca_c103,P64,replicate_1,left,2hr_digstion Homo sapiens RNA-Seq	hbca_c103,P64,replicate_1,left,2hr_digstion
SRR24975529	SRX20732913	SAMN35813591	GSM7500404	GSM7500404	RNA-Seq	Illumina NovaSeq 6000	ILLUMINA	185912051	16917996641	Illumina NovaSeq 6000 sequencing: GSM7500404: hbca_c94,P60,replicate_1,left,3hr_digestion Homo sapiens RNA-Seq	hbca_c94,P60,replicate_1,left,3hr_digestion
SRR24975532	SRX20732911	SAMN35813586	GSM7500409	GSM7500409	RNA-Seq	Illumina NovaSeq 6000	ILLUMINA	199718686	18174400426	Illumina NovaSeq 6000 sequencing: GSM7500409: hbca_c99,P62,replicate_1,right,2hr_digstion Homo sapiens RNA-Seq	hbca_c99,P62,replicate_1,right,2hr_digstion
SRR24975540	SRX20732907	SAMN35813613	GSM7500382	GSM7500382	RNA-Seq	Illumina NovaSeq 6000	ILLUMINA	188839919	17184432629	Illumina NovaSeq 6000 sequencing: GSM7500382: hbca_c73,P53,replicate_1,right,3hr_digestion Homo sapiens RNA-Seq	hbca_c73,P53,replicate_1,right,3hr_digestion
SRR24975541	SRX20732907	SAMN35813613	GSM7500382	GSM7500382	RNA-Seq	Illumina NovaSeq 6000	ILLUMINA	186049320	16930488120	Illumina NovaSeq 6000 sequencing: GSM7500382: hbca_c73,P53,replicate_1,right,3hr_digestion Homo sapiens RNA-Seq	hbca_c73,P53,replicate_1,right,3hr_digestion
SRR24975545	SRX20732905	SAMN35813608	GSM7500387	GSM7500387	RNA-Seq	Illumina NovaSeq 6000	ILLUMINA	174408180	15871144380	Illumina NovaSeq 6000 sequencing: GSM7500387: hbca_c78,P56,replicate_1,left,6hr_digestion Homo sapiens RNA-Seq	hbca_c78,P56,replicate_1,left,6hr_digestion
SRR24975548	SRX20732904	SAMN35813609	GSM7500386	GSM7500386	RNA-Seq	Illumina NovaSeq 6000	ILLUMINA	204390529	18599538139	Illumina NovaSeq 6000 sequencing: GSM7500386: hbca_c77,P55,replicate_1,right,3hr_digestion Homo sapiens RNA-Seq	hbca_c77,P55,replicate_1,right,3hr_digestion
SRR24975550	SRX20732903	SAMN35813610	GSM7500385	GSM7500385	RNA-Seq	Illumina NovaSeq 6000	ILLUMINA	212944276	19377929116	Illumina NovaSeq 6000 sequencing: GSM7500385: hbca_c76,P55,replicate_1,left,3hr_digestion Homo sapiens RNA-Seq	hbca_c76,P55,replicate_1,left,3hr_digestion
SRR24975552	SRX20732902	SAMN35813611	GSM7500384	GSM7500384	RNA-Seq	Illumina NovaSeq 6000	ILLUMINA	177982194	16196379654	Illumina NovaSeq 6000 sequencing: GSM7500384: hbca_c75,P54,replicate_1,right,3hr_digestion Homo sapiens RNA-Seq	hbca_c75,P54,replicate_1,right,3hr_digestion
SRR24975556	SRX20732899	SAMN35813614	GSM7500381	GSM7500381	RNA-Seq	Illumina NovaSeq 6000	ILLUMINA	189117601	17209701691	Illumina NovaSeq 6000 sequencing: GSM7500381: hbca_c72,P53,replicate_1,left,3hr_digestion Homo sapiens RNA-Seq	hbca_c72,P53,replicate_1,left,3hr_digestion
SRR24975558	SRX20732898	SAMN35813615	GSM7500380	GSM7500380	RNA-Seq	Illumina NovaSeq 6000	ILLUMINA	194629824	17711313984	Illumina NovaSeq 6000 sequencing: GSM7500380: hbca_c71,P52,replicate_1,right,3hr_digestion Homo sapiens RNA-Seq	hbca_c71,P52,replicate_1,right,3hr_digestion
SRR24975559	SRX20732898	SAMN35813615	GSM7500380	GSM7500380	RNA-Seq	Illumina NovaSeq 6000	ILLUMINA	191792827	17453147257	Illumina NovaSeq 6000 sequencing: GSM7500380: hbca_c71,P52,replicate_1,right,3hr_digestion Homo sapiens RNA-Seq	hbca_c71,P52,replicate_1,right,3hr_digestion
SRR24975561	SRX20732897	SAMN35813616	GSM7500379	GSM7500379	RNA-Seq	Illumina NovaSeq 6000	ILLUMINA	195260227	17768680657	Illumina NovaSeq 6000 sequencing: GSM7500379: hbca_c70,P52,replicate_1,left,3hr_digestion Homo sapiens RNA-Seq	hbca_c70,P52,replicate_1,left,3hr_digestion
SRR24975562	SRX20732896	SAMN35813617	GSM7500378	GSM7500378	RNA-Seq	Illumina NovaSeq 6000	ILLUMINA	227137127	20669478557	Illumina NovaSeq 6000 sequencing: GSM7500378: hbca_c68,P51,replicate_2,right,3hr_digestion Homo sapiens RNA-Seq	hbca_c68,P51,replicate_2,right,3hr_digestion
SRR24975568	SRX20732893	SAMN35813622	GSM7500373	GSM7500373	RNA-Seq	Illumina NovaSeq 6000	ILLUMINA	243064917	22118907447	Illumina NovaSeq 6000 sequencing: GSM7500373: hbca_c64,P50,replicate_1,right,3hr_digestion Homo sapiens RNA-Seq	hbca_c64,P50,replicate_1,right,3hr_digestion
SRR24975569	SRX20732893	SAMN35813622	GSM7500373	GSM7500373	RNA-Seq	Illumina NovaSeq 6000	ILLUMINA	245276137	22320128467	Illumina NovaSeq 6000 sequencing: GSM7500373: hbca_c64,P50,replicate_1,right,3hr_digestion Homo sapiens RNA-Seq	hbca_c64,P50,replicate_1,right,3hr_digestion
SRR24975570	SRX20732892	SAMN35813470	GSM7500525	GSM7500525	RNA-Seq	Illumina NovaSeq 6000	ILLUMINA	97835051	8902989641	Illumina NovaSeq 6000 sequencing: GSM7500525: hbca_c162,P121,replicate_1,contra,3hr_digestion Homo sapiens RNA-Seq	hbca_c162,P121,replicate_1,contra,3hr_digestion
SRR24975571	SRX20732892	SAMN35813470	GSM7500525	GSM7500525	RNA-Seq	Illumina NovaSeq 6000	ILLUMINA	26640510	2424286410	Illumina NovaSeq 6000 sequencing: GSM7500525: hbca_c162,P121,replicate_1,contra,3hr_digestion Homo sapiens RNA-Seq	hbca_c162,P121,replicate_1,contra,3hr_digestion
SRR24975573	SRX20732892	SAMN35813470	GSM7500525	GSM7500525	RNA-Seq	Illumina NovaSeq 6000	ILLUMINA	29052001	2643732091	Illumina NovaSeq 6000 sequencing: GSM7500525: hbca_c162,P121,replicate_1,contra,3hr_digestion Homo sapiens RNA-Seq	hbca_c162,P121,replicate_1,contra,3hr_digestion
SRR24975580	SRX20732891	SAMN35813533	GSM7500462	GSM7500462	RNA-Seq	Illumina NovaSeq 6000	ILLUMINA	110593863	10064041533	Illumina NovaSeq 6000 sequencing: GSM7500462: hbca_c153,P112,replicate_1,left,3hr_digestion Homo sapiens RNA-Seq	hbca_c153,P112,replicate_1,left,3hr_digestion
SRR24975582	SRX20732891	SAMN35813533	GSM7500462	GSM7500462	RNA-Seq	Illumina NovaSeq 6000	ILLUMINA	108672382	9889186762	Illumina NovaSeq 6000 sequencing: GSM7500462: hbca_c153,P112,replicate_1,left,3hr_digestion Homo sapiens RNA-Seq	hbca_c153,P112,replicate_1,left,3hr_digestion
SRR24975585	SRX20733034	SAMN35813471	GSM7500524	GSM7500524	RNA-Seq	Illumina NovaSeq 6000	ILLUMINA	31383779	2855923889	Illumina NovaSeq 6000 sequencing: GSM7500524: hbca_c156,P115,replicate_1,contra,3hr_digestion Homo sapiens RNA-Seq	hbca_c156,P115,replicate_1,contra,3hr_digestion
SRR24975586	SRX20733034	SAMN35813471	GSM7500524	GSM7500524	RNA-Seq	Illumina NovaSeq 6000	ILLUMINA	155290680	14131451880	Illumina NovaSeq 6000 sequencing: GSM7500524: hbca_c156,P115,replicate_1,contra,3hr_digestion Homo sapiens RNA-Seq	hbca_c156,P115,replicate_1,contra,3hr_digestion
SRR24975589	SRX20733034	SAMN35813471	GSM7500524	GSM7500524	RNA-Seq	Illumina NovaSeq 6000	ILLUMINA	28174094	2563842554	Illumina NovaSeq 6000 sequencing: GSM7500524: hbca_c156,P115,replicate_1,contra,3hr_digestion Homo sapiens RNA-Seq	hbca_c156,P115,replicate_1,contra,3hr_digestion
SRR24975592	SRX20732890	SAMN35813538	GSM7500457	GSM7500457	RNA-Seq	Illumina NovaSeq 6000	ILLUMINA	108301598	9855445418	Illumina NovaSeq 6000 sequencing: GSM7500457: hbca_c148,P107,replicate_1,right,3hr_digestion Homo sapiens RNA-Seq	hbca_c148,P107,replicate_1,right,3hr_digestion
SRR24975600	SRX20732888	SAMN35813535	GSM7500460	GSM7500460	RNA-Seq	Illumina NovaSeq 6000	ILLUMINA	105181589	9571524599	Illumina NovaSeq 6000 sequencing: GSM7500460: hbca_c151,P110,replicate_1,left,3hr_digestion Homo sapiens RNA-Seq	hbca_c151,P110,replicate_1,left,3hr_digestion
SRR24975605	SRX20732887	SAMN35813536	GSM7500459	GSM7500459	RNA-Seq	Illumina NovaSeq 6000	ILLUMINA	96334504	8766439864	Illumina NovaSeq 6000 sequencing: GSM7500459: hbca_c150,P109,replicate_1,right,4hr_digestion Homo sapiens RNA-Seq	hbca_c150,P109,replicate_1,right,4hr_digestion
SRR24975607	SRX20732887	SAMN35813536	GSM7500459	GSM7500459	RNA-Seq	Illumina NovaSeq 6000	ILLUMINA	96174906	8751916446	Illumina NovaSeq 6000 sequencing: GSM7500459: hbca_c150,P109,replicate_1,right,4hr_digestion Homo sapiens RNA-Seq	hbca_c150,P109,replicate_1,right,4hr_digestion
SRR24975611	SRX20732886	SAMN35813537	GSM7500458	GSM7500458	RNA-Seq	Illumina NovaSeq 6000	ILLUMINA	105935175	9640100925	Illumina NovaSeq 6000 sequencing: GSM7500458: hbca_c149,P108,replicate_1,right,3hr_digestion Homo sapiens RNA-Seq	hbca_c149,P108,replicate_1,right,3hr_digestion
SRR24975615	SRX20732885	SAMN35813542	GSM7500453	GSM7500453	RNA-Seq	Illumina NovaSeq 6000	ILLUMINA	106379585	9680542235	Illumina NovaSeq 6000 sequencing: GSM7500453: hbca_c144,P103,replicate_1,right,3hr_digestion Homo sapiens RNA-Seq	hbca_c144,P103,replicate_1,right,3hr_digestion
SRR24975619	SRX20732884	SAMN35813539	GSM7500456	GSM7500456	RNA-Seq	Illumina NovaSeq 6000	ILLUMINA	114537609	10422922419	Illumina NovaSeq 6000 sequencing: GSM7500456: hbca_c147,P106,replicate_1,right,3hr_digestion Homo sapiens RNA-Seq	hbca_c147,P106,replicate_1,right,3hr_digestion
SRR24975621	SRX20732883	SAMN35813540	GSM7500455	GSM7500455	RNA-Seq	Illumina NovaSeq 6000	ILLUMINA	109540934	9968224994	Illumina NovaSeq 6000 sequencing: GSM7500455: hbca_c146,P105,replicate_1,left,3hr_digestion Homo sapiens RNA-Seq	hbca_c146,P105,replicate_1,left,3hr_digestion
SRR24975623	SRX20732883	SAMN35813540	GSM7500455	GSM7500455	RNA-Seq	Illumina NovaSeq 6000	ILLUMINA	109731366	9985554306	Illumina NovaSeq 6000 sequencing: GSM7500455: hbca_c146,P105,replicate_1,left,3hr_digestion Homo sapiens RNA-Seq	hbca_c146,P105,replicate_1,left,3hr_digestion
SRR24975632	SRX20732880	SAMN35813624	GSM7500371	GSM7500371	RNA-Seq	Illumina NovaSeq 6000	ILLUMINA	173841511	15819577501	Illumina NovaSeq 6000 sequencing: GSM7500371: hbca_c62,P50,replicate_1,left,3hr_digestion Homo sapiens RNA-Seq	hbca_c62,P50,replicate_1,left,3hr_digestion
SRR24975636	SRX20732878	SAMN35813626	GSM7500369	GSM7500369	RNA-Seq	Illumina NovaSeq 6000	ILLUMINA	190000760	17290069160	Illumina NovaSeq 6000 sequencing: GSM7500369: hbca_c61,P49,replicate_1,right,4hr_digestion Homo sapiens RNA-Seq	hbca_c61,P49,replicate_1,right,4hr_digestion
SRR24975637	SRX20732877	SAMN35813627	GSM7500368	GSM7500368	RNA-Seq	Illumina NovaSeq 6000	ILLUMINA	203474234	18516155294	Illumina NovaSeq 6000 sequencing: GSM7500368: hbca_c60,P49,replicate_1,left,4hr_digestion Homo sapiens RNA-Seq	hbca_c60,P49,replicate_1,left,4hr_digestion
SRR24975639	SRX20732876	SAMN35813628	GSM7500367	GSM7500367	RNA-Seq	Illumina NovaSeq 6000	ILLUMINA	224191167	20401396197	Illumina NovaSeq 6000 sequencing: GSM7500367: hbca_c58,P48,replicate_1,right,2hr_digstion Homo sapiens RNA-Seq	hbca_c58,P48,replicate_1,right,2hr_digstion
SRR24975641	SRX20732875	SAMN35813636	GSM7500359	GSM7500359	RNA-Seq	Illumina NovaSeq 6000	ILLUMINA	219922710	20012966610	Illumina NovaSeq 6000 sequencing: GSM7500359: hbca_c50,P44,replicate_1,left,overnight_digestion Homo sapiens RNA-Seq	hbca_c50,P44,replicate_1,left,overnight_digestion
SRR24975644	SRX20732873	SAMN35813634	GSM7500361	GSM7500361	RNA-Seq	Illumina NovaSeq 6000	ILLUMINA	241040559	21934690869	Illumina NovaSeq 6000 sequencing: GSM7500361: hbca_c52,P45,replicate_1,right,3hr_digestion Homo sapiens RNA-Seq	hbca_c52,P45,replicate_1,right,3hr_digestion
SRR24975645	SRX20732874	SAMN35813635	GSM7500360	GSM7500360	RNA-Seq	Illumina NovaSeq 6000	ILLUMINA	234131333	21305951303	Illumina NovaSeq 6000 sequencing: GSM7500360: hbca_c51,P44,replicate_1,right,overnight_digestion Homo sapiens RNA-Seq	hbca_c51,P44,replicate_1,right,overnight_digestion
SRR24975646	SRX20732872	SAMN35813633	GSM7500362	GSM7500362	RNA-Seq	Illumina NovaSeq 6000	ILLUMINA	228030465	20750772315	Illumina NovaSeq 6000 sequencing: GSM7500362: hbca_c53,P46,replicate_1,left,2hr_digstion Homo sapiens RNA-Seq	hbca_c53,P46,replicate_1,left,2hr_digstion
SRR24975648	SRX20732871	SAMN35813632	GSM7500363	GSM7500363	RNA-Seq	Illumina NovaSeq 6000	ILLUMINA	242467755	22064565705	Illumina NovaSeq 6000 sequencing: GSM7500363: hbca_c54,P46,replicate_1,right,2hr_digstion Homo sapiens RNA-Seq	hbca_c54,P46,replicate_1,right,2hr_digstion
SRR24975651	SRX20732871	SAMN35813632	GSM7500363	GSM7500363	RNA-Seq	Illumina NovaSeq 6000	ILLUMINA	236928676	21560509516	Illumina NovaSeq 6000 sequencing: GSM7500363: hbca_c54,P46,replicate_1,right,2hr_digstion Homo sapiens RNA-Seq	hbca_c54,P46,replicate_1,right,2hr_digstion
SRR24975653	SRX20732870	SAMN35813631	GSM7500364	GSM7500364	RNA-Seq	Illumina NovaSeq 6000	ILLUMINA	183360143	16685773013	Illumina NovaSeq 6000 sequencing: GSM7500364: hbca_c55,P47,replicate_1,left,2hr_digstion Homo sapiens RNA-Seq	hbca_c55,P47,replicate_1,left,2hr_digstion
SRR24975655	SRX20732869	SAMN35813630	GSM7500365	GSM7500365	RNA-Seq	Illumina NovaSeq 6000	ILLUMINA	181597567	16525378597	Illumina NovaSeq 6000 sequencing: GSM7500365: hbca_c56,P47,replicate_1,right,2hr_digstion Homo sapiens RNA-Seq	hbca_c56,P47,replicate_1,right,2hr_digstion
SRR24975656	SRX20733033	SAMN35813477	GSM7500518	GSM7500518	RNA-Seq	Illumina NovaSeq 6000	ILLUMINA	596766041	71015158879	Illumina NovaSeq 6000 sequencing: GSM7500518: hbca_c155,P114,replicate_1,contra,3hr_digestion Homo sapiens RNA-Seq	hbca_c155,P114,replicate_1,contra,3hr_digestion
SRR24975657	SRX20733027	SAMN35813475	GSM7500520	GSM7500520	RNA-Seq	Illumina NovaSeq 6000	ILLUMINA	13102605	1192337055	Illumina NovaSeq 6000 sequencing: GSM7500520: hbca_c164,P123,replicate_1,contra,3hr_digestion Homo sapiens RNA-Seq	hbca_c164,P123,replicate_1,contra,3hr_digestion
SRR24975659	SRX20733031	SAMN35813472	GSM7500523	GSM7500523	RNA-Seq	Illumina NovaSeq 6000	ILLUMINA	84826565	7719217415	Illumina NovaSeq 6000 sequencing: GSM7500523: hbca_c160,P119,replicate_1,contra,3hr_digestion Homo sapiens RNA-Seq	hbca_c160,P119,replicate_1,contra,3hr_digestion
SRR24975662	SRX20733031	SAMN35813472	GSM7500523	GSM7500523	RNA-Seq	Illumina NovaSeq 6000	ILLUMINA	56017463	5097589133	Illumina NovaSeq 6000 sequencing: GSM7500523: hbca_c160,P119,replicate_1,contra,3hr_digestion Homo sapiens RNA-Seq	hbca_c160,P119,replicate_1,contra,3hr_digestion
SRR24975666	SRX20732892	SAMN35813470	GSM7500525	GSM7500525	RNA-Seq	Illumina NovaSeq 6000	ILLUMINA	21445878	1951574898	Illumina NovaSeq 6000 sequencing: GSM7500525: hbca_c162,P121,replicate_1,contra,3hr_digestion Homo sapiens RNA-Seq	hbca_c162,P121,replicate_1,contra,3hr_digestion
SRR24975668	SRX20733030	SAMN35813473	GSM7500522	GSM7500522	RNA-Seq	Illumina NovaSeq 6000	ILLUMINA	27615271	2512989661	Illumina NovaSeq 6000 sequencing: GSM7500522: hbca_c157,P116,replicate_1,contra,3hr_digestion Homo sapiens RNA-Seq	hbca_c157,P116,replicate_1,contra,3hr_digestion
SRR24975671	SRX20733030	SAMN35813473	GSM7500522	GSM7500522	RNA-Seq	Illumina NovaSeq 6000	ILLUMINA	51502424	4686720584	Illumina NovaSeq 6000 sequencing: GSM7500522: hbca_c157,P116,replicate_1,contra,3hr_digestion Homo sapiens RNA-Seq	hbca_c157,P116,replicate_1,contra,3hr_digestion
SRR24975674	SRX20733030	SAMN35813473	GSM7500522	GSM7500522	RNA-Seq	Illumina NovaSeq 6000	ILLUMINA	29043059	2642918369	Illumina NovaSeq 6000 sequencing: GSM7500522: hbca_c157,P116,replicate_1,contra,3hr_digestion Homo sapiens RNA-Seq	hbca_c157,P116,replicate_1,contra,3hr_digestion
SRR24975676	SRX20733024	SAMN35813481	GSM7500514	GSM7500514	RNA-Seq	Illumina NovaSeq 6000	ILLUMINA	26901711	2448055701	Illumina NovaSeq 6000 sequencing: GSM7500514: hbca_c166,P125,replicate_1,contra,3hr_digestion Homo sapiens RNA-Seq	hbca_c166,P125,replicate_1,contra,3hr_digestion
SRR24975678	SRX20733029	SAMN35813476	GSM7500519	GSM7500519	RNA-Seq	Illumina NovaSeq 6000	ILLUMINA	222872394	8203677299	Illumina NovaSeq 6000 sequencing: GSM7500519: hbca_c161,P120,replicate_1,contra,3hr_digestion Homo sapiens RNA-Seq	hbca_c161,P120,replicate_1,contra,3hr_digestion
SRR24975692	SRX20733027	SAMN35813475	GSM7500520	GSM7500520	RNA-Seq	Illumina NovaSeq 6000	ILLUMINA	17860110	1625270010	Illumina NovaSeq 6000 sequencing: GSM7500520: hbca_c164,P123,replicate_1,contra,3hr_digestion Homo sapiens RNA-Seq	hbca_c164,P123,replicate_1,contra,3hr_digestion
SRR24975693	SRX20733027	SAMN35813475	GSM7500520	GSM7500520	RNA-Seq	Illumina NovaSeq 6000	ILLUMINA	20626703	1877029973	Illumina NovaSeq 6000 sequencing: GSM7500520: hbca_c164,P123,replicate_1,contra,3hr_digestion Homo sapiens RNA-Seq	hbca_c164,P123,replicate_1,contra,3hr_digestion
SRR24975695	SRX20733027	SAMN35813475	GSM7500520	GSM7500520	RNA-Seq	Illumina NovaSeq 6000	ILLUMINA	12773075	1162349825	Illumina NovaSeq 6000 sequencing: GSM7500520: hbca_c164,P123,replicate_1,contra,3hr_digestion Homo sapiens RNA-Seq	hbca_c164,P123,replicate_1,contra,3hr_digestion
SRR24975702	SRX20733029	SAMN35813476	GSM7500519	GSM7500519	RNA-Seq	Illumina NovaSeq 6000	ILLUMINA	32791971	2984069361	Illumina NovaSeq 6000 sequencing: GSM7500519: hbca_c161,P120,replicate_1,contra,3hr_digestion Homo sapiens RNA-Seq	hbca_c161,P120,replicate_1,contra,3hr_digestion
SRR24975706	SRX20733032	SAMN35813474	GSM7500521	GSM7500521	RNA-Seq	Illumina NovaSeq 6000	ILLUMINA	68667796	6248769436	Illumina NovaSeq 6000 sequencing: GSM7500521: hbca_c167,P126,replicate_1,contra,3hr_digestion Homo sapiens RNA-Seq	hbca_c167,P126,replicate_1,contra,3hr_digestion
SRR24975707	SRX20733032	SAMN35813474	GSM7500521	GSM7500521	RNA-Seq	Illumina NovaSeq 6000	ILLUMINA	68959425	6275307675	Illumina NovaSeq 6000 sequencing: GSM7500521: hbca_c167,P126,replicate_1,contra,3hr_digestion Homo sapiens RNA-Seq	hbca_c167,P126,replicate_1,contra,3hr_digestion
SRR24975711	SRX20733026	SAMN35813479	GSM7500516	GSM7500516	RNA-Seq	Illumina NovaSeq 6000	ILLUMINA	140804063	12813169733	Illumina NovaSeq 6000 sequencing: GSM7500516: hbca_c163,P122,replicate_1,contra,3hr_digestion Homo sapiens RNA-Seq	hbca_c163,P122,replicate_1,contra,3hr_digestion
SRR24975726	SRX20733024	SAMN35813481	GSM7500514	GSM7500514	RNA-Seq	Illumina NovaSeq 6000	ILLUMINA	27147337	2470407667	Illumina NovaSeq 6000 sequencing: GSM7500514: hbca_c166,P125,replicate_1,contra,3hr_digestion Homo sapiens RNA-Seq	hbca_c166,P125,replicate_1,contra,3hr_digestion
SRR24975732	SRX20733023	SAMN35813482	GSM7500513	GSM7500513	RNA-Seq	Illumina NovaSeq 6000	ILLUMINA	116212712	10575356792	Illumina NovaSeq 6000 sequencing: GSM7500513: hbca_c154,P113,replicate_1,contra,3hr_digestion Homo sapiens RNA-Seq	hbca_c154,P113,replicate_1,contra,3hr_digestion
SRR24975737	SRX20733022	SAMN35813483	GSM7500512	GSM7500512	RNA-Seq	Illumina NovaSeq 6000	ILLUMINA	177649653	16166118423	Illumina NovaSeq 6000 sequencing: GSM7500512: hbca_c165,P124,replicate_1,contra,3hr_digestion Homo sapiens RNA-Seq	hbca_c165,P124,replicate_1,contra,3hr_digestion
SRR24975739	SRX20733021	SAMN35813484	GSM7500511	GSM7500511	RNA-Seq	Illumina HiSeq 4000	ILLUMINA	103280107	10121450486	Illumina HiSeq 4000 sequencing: GSM7500511: hbca_c19,P15,replicate_1,both,overnight_digestion Homo sapiens RNA-Seq	hbca_c19,P15,replicate_1,both,overnight_digestion
SRR24975741	SRX20733021	SAMN35813484	GSM7500511	GSM7500511	RNA-Seq	Illumina HiSeq 4000	ILLUMINA	92332958	9048629884	Illumina HiSeq 4000 sequencing: GSM7500511: hbca_c19,P15,replicate_1,both,overnight_digestion Homo sapiens RNA-Seq	hbca_c19,P15,replicate_1,both,overnight_digestion
SRR24975742	SRX20733024	SAMN35813481	GSM7500514	GSM7500514	RNA-Seq	Illumina NovaSeq 6000	ILLUMINA	19959864	1816347624	Illumina NovaSeq 6000 sequencing: GSM7500514: hbca_c166,P125,replicate_1,contra,3hr_digestion Homo sapiens RNA-Seq	hbca_c166,P125,replicate_1,contra,3hr_digestion
SRR24975744	SRX20733020	SAMN35813489	GSM7500506	GSM7500506	RNA-Seq	Illumina HiSeq 4000	ILLUMINA	81819681	8018328738	Illumina HiSeq 4000 sequencing: GSM7500506: hbca_c14,P12,replicate_1,both,overnight_digestion Homo sapiens RNA-Seq	hbca_c14,P12,replicate_1,both,overnight_digestion
SRR24975749	SRX20733019	SAMN35813485	GSM7500510	GSM7500510	RNA-Seq	Illumina HiSeq 4000	ILLUMINA	103373982	10130650236	Illumina HiSeq 4000 sequencing: GSM7500510: hbca_c24,P19,replicate_1,both,overnight_digestion Homo sapiens RNA-Seq	hbca_c24,P19,replicate_1,both,overnight_digestion
SRR24975750	SRX20733024	SAMN35813481	GSM7500514	GSM7500514	RNA-Seq	Illumina NovaSeq 6000	ILLUMINA	18523567	1685644597	Illumina NovaSeq 6000 sequencing: GSM7500514: hbca_c166,P125,replicate_1,contra,3hr_digestion Homo sapiens RNA-Seq	hbca_c166,P125,replicate_1,contra,3hr_digestion
SRR24975751	SRX20733024	SAMN35813481	GSM7500514	GSM7500514	RNA-Seq	Illumina NovaSeq 6000	ILLUMINA	19619708	1785393428	Illumina NovaSeq 6000 sequencing: GSM7500514: hbca_c166,P125,replicate_1,contra,3hr_digestion Homo sapiens RNA-Seq	hbca_c166,P125,replicate_1,contra,3hr_digestion
SRR24975754	SRX20733019	SAMN35813485	GSM7500510	GSM7500510	RNA-Seq	Illumina HiSeq 4000	ILLUMINA	77997630	7643767740	Illumina HiSeq 4000 sequencing: GSM7500510: hbca_c24,P19,replicate_1,both,overnight_digestion Homo sapiens RNA-Seq	hbca_c24,P19,replicate_1,both,overnight_digestion
SRR24975755	SRX20733017	SAMN35813487	GSM7500508	GSM7500508	RNA-Seq	Illumina HiSeq 4000	ILLUMINA	31886096	3124837408	Illumina HiSeq 4000 sequencing: GSM7500508: hbca_c22,P18,replicate_1,both,overnight_digestion Homo sapiens RNA-Seq	hbca_c22,P18,replicate_1,both,overnight_digestion
SRR24975756	SRX20733018	SAMN35813486	GSM7500509	GSM7500509	RNA-Seq	Illumina HiSeq 4000	ILLUMINA	44046901	4316596298	Illumina HiSeq 4000 sequencing: GSM7500509: hbca_c23,P18,replicate_2,both,overnight_digestion Homo sapiens RNA-Seq	hbca_c23,P18,replicate_2,both,overnight_digestion
SRR24975760	SRX20733018	SAMN35813486	GSM7500509	GSM7500509	RNA-Seq	Illumina HiSeq 4000	ILLUMINA	44693098	4379923604	Illumina HiSeq 4000 sequencing: GSM7500509: hbca_c23,P18,replicate_2,both,overnight_digestion Homo sapiens RNA-Seq	hbca_c23,P18,replicate_2,both,overnight_digestion
SRR24975762	SRX20733018	SAMN35813486	GSM7500509	GSM7500509	RNA-Seq	Illumina HiSeq 4000	ILLUMINA	13745605	1347069290	Illumina HiSeq 4000 sequencing: GSM7500509: hbca_c23,P18,replicate_2,both,overnight_digestion Homo sapiens RNA-Seq	hbca_c23,P18,replicate_2,both,overnight_digestion
SRR24975766	SRX20733018	SAMN35813486	GSM7500509	GSM7500509	RNA-Seq	Illumina HiSeq 4000	ILLUMINA	33762304	3308705792	Illumina HiSeq 4000 sequencing: GSM7500509: hbca_c23,P18,replicate_2,both,overnight_digestion Homo sapiens RNA-Seq	hbca_c23,P18,replicate_2,both,overnight_digestion
SRR24975767	SRX20733017	SAMN35813487	GSM7500508	GSM7500508	RNA-Seq	Illumina HiSeq 4000	ILLUMINA	25900607	2538259486	Illumina HiSeq 4000 sequencing: GSM7500508: hbca_c22,P18,replicate_1,both,overnight_digestion Homo sapiens RNA-Seq	hbca_c22,P18,replicate_1,both,overnight_digestion
SRR24975770	SRX20733017	SAMN35813487	GSM7500508	GSM7500508	RNA-Seq	Illumina HiSeq 4000	ILLUMINA	32408148	3175998504	Illumina HiSeq 4000 sequencing: GSM7500508: hbca_c22,P18,replicate_1,both,overnight_digestion Homo sapiens RNA-Seq	hbca_c22,P18,replicate_1,both,overnight_digestion
SRR24975771	SRX20733017	SAMN35813487	GSM7500508	GSM7500508	RNA-Seq	Illumina HiSeq 4000	ILLUMINA	26305291	2577918518	Illumina HiSeq 4000 sequencing: GSM7500508: hbca_c22,P18,replicate_1,both,overnight_digestion Homo sapiens RNA-Seq	hbca_c22,P18,replicate_1,both,overnight_digestion
SRR24975773	SRX20733011	SAMN35813493	GSM7500502	GSM7500502	RNA-Seq	Illumina HiSeq 4000	ILLUMINA	70990923	6957110454	Illumina HiSeq 4000 sequencing: GSM7500502: hbca_c16,P13,replicate_1,both,overnight_digestion Homo sapiens RNA-Seq	hbca_c16,P13,replicate_1,both,overnight_digestion
SRR24975776	SRX20733011	SAMN35813493	GSM7500502	GSM7500502	RNA-Seq	Illumina HiSeq 4000	ILLUMINA	15613625	1530135250	Illumina HiSeq 4000 sequencing: GSM7500502: hbca_c16,P13,replicate_1,both,overnight_digestion Homo sapiens RNA-Seq	hbca_c16,P13,replicate_1,both,overnight_digestion
SRR24975779	SRX20733016	SAMN35813488	GSM7500507	GSM7500507	RNA-Seq	Illumina HiSeq 4000	ILLUMINA	103992522	10191267156	Illumina HiSeq 4000 sequencing: GSM7500507: hbca_c15,P12,replicate_2,both,overnight_digestion Homo sapiens RNA-Seq	hbca_c15,P12,replicate_2,both,overnight_digestion
SRR24975788	SRX20733015	SAMN35813491	GSM7500504	GSM7500504	RNA-Seq	Illumina HiSeq 4000	ILLUMINA	27404363	2685627574	Illumina HiSeq 4000 sequencing: GSM7500504: hbca_c21,P17,replicate_1,both,overnight_digestion Homo sapiens RNA-Seq	hbca_c21,P17,replicate_1,both,overnight_digestion
SRR24975789	SRX20733015	SAMN35813491	GSM7500504	GSM7500504	RNA-Seq	Illumina HiSeq 4000	ILLUMINA	20666979	2025363942	Illumina HiSeq 4000 sequencing: GSM7500504: hbca_c21,P17,replicate_1,both,overnight_digestion Homo sapiens RNA-Seq	hbca_c21,P17,replicate_1,both,overnight_digestion
SRR24975791	SRX20733015	SAMN35813491	GSM7500504	GSM7500504	RNA-Seq	Illumina HiSeq 4000	ILLUMINA	20382544	1997489312	Illumina HiSeq 4000 sequencing: GSM7500504: hbca_c21,P17,replicate_1,both,overnight_digestion Homo sapiens RNA-Seq	hbca_c21,P17,replicate_1,both,overnight_digestion
SRR24975801	SRX20733014	SAMN35813490	GSM7500505	GSM7500505	RNA-Seq	Illumina HiSeq 4000	ILLUMINA	33691458	3301762884	Illumina HiSeq 4000 sequencing: GSM7500505: hbca_c20,P16,replicate_1,both,overnight_digestion Homo sapiens RNA-Seq	hbca_c20,P16,replicate_1,both,overnight_digestion
SRR24975808	SRX20733013	SAMN35813494	GSM7500501	GSM7500501	RNA-Seq	Illumina HiSeq 4000	ILLUMINA	100750389	9873538122	Illumina HiSeq 4000 sequencing: GSM7500501: hbca_c18,P14,replicate_1,both,overnight_digestion Homo sapiens RNA-Seq	hbca_c18,P14,replicate_1,both,overnight_digestion
SRR24975818	SRX20733012	SAMN35813492	GSM7500503	GSM7500503	RNA-Seq	Illumina HiSeq 4000	ILLUMINA	79994538	7839464724	Illumina HiSeq 4000 sequencing: GSM7500503: hbca_c17,P13,replicate_2,both,overnight_digestion Homo sapiens RNA-Seq	hbca_c17,P13,replicate_2,both,overnight_digestion
SRR24908613	SRX20670092	SAMN35724693	GSM7475160	GSM7475160	RNA-Seq	Illumina NovaSeq 6000	ILLUMINA	192054153	17476927923	Illumina NovaSeq 6000 sequencing: GSM7475160: hbca_n16,P59,replicate_1,right,nuclei Homo sapiens RNA-Seq	hbca_n16,P59,replicate_1,right,nuclei
SRR24908617	SRX20670090	SAMN35724695	GSM7475158	GSM7475158	RNA-Seq	Illumina NovaSeq 6000	ILLUMINA	178382983	16232851453	Illumina NovaSeq 6000 sequencing: GSM7475158: hbca_n14,P23,replicate_1,contra,nuclei Homo sapiens RNA-Seq	hbca_n14,P23,replicate_1,contra,nuclei
SRR24908618	SRX20670090	SAMN35724695	GSM7475158	GSM7475158	RNA-Seq	Illumina NovaSeq 6000	ILLUMINA	179787905	16360699355	Illumina NovaSeq 6000 sequencing: GSM7475158: hbca_n14,P23,replicate_1,contra,nuclei Homo sapiens RNA-Seq	hbca_n14,P23,replicate_1,contra,nuclei
SRR24908625	SRX20670086	SAMN35724704	GSM7475149	GSM7475149	RNA-Seq	Illumina NovaSeq 6000	ILLUMINA	185391003	16499799267	Illumina NovaSeq 6000 sequencing: GSM7475149: hbca_n05,P133,replicate_1,contra,nuclei Homo sapiens RNA-Seq	hbca_n05,P133,replicate_1,contra,nuclei
SRR24908627	SRX20670085	SAMN35724699	GSM7475154	GSM7475154	RNA-Seq	Illumina HiSeq 4000	ILLUMINA	91901549	9006351802	Illumina HiSeq 4000 sequencing: GSM7475154: hbca_n10,P19,replicate_1,left and right breast,nuclei Homo sapiens RNA-Seq	hbca_n10,P19,replicate_1,left and right breast,nuclei
SRR24908630	SRX20670085	SAMN35724699	GSM7475154	GSM7475154	RNA-Seq	Illumina HiSeq 4000	ILLUMINA	66643983	6531110334	Illumina HiSeq 4000 sequencing: GSM7475154: hbca_n10,P19,replicate_1,left and right breast,nuclei Homo sapiens RNA-Seq	hbca_n10,P19,replicate_1,left and right breast,nuclei
SRR24908631	SRX20670084	SAMN35724700	GSM7475153	GSM7475153	RNA-Seq	Illumina HiSeq 4000	ILLUMINA	20349028	1994204744	Illumina HiSeq 4000 sequencing: GSM7475153: hbca_n09,P18,replicate_1,left and right breast,nuclei Homo sapiens RNA-Seq	hbca_n09,P18,replicate_1,left and right breast,nuclei
SRR24908635	SRX20670083	SAMN35724701	GSM7475152	GSM7475152	RNA-Seq	Illumina HiSeq 4000	ILLUMINA	44954185	4405510130	Illumina HiSeq 4000 sequencing: GSM7475152: hbca_n08,P17,replicate_1,blank,nuclei Homo sapiens RNA-Seq	hbca_n08,P17,replicate_1,blank,nuclei
SRR24908637	SRX20670083	SAMN35724701	GSM7475152	GSM7475152	RNA-Seq	Illumina HiSeq 4000	ILLUMINA	34833090	3413642820	Illumina HiSeq 4000 sequencing: GSM7475152: hbca_n08,P17,replicate_1,blank,nuclei Homo sapiens RNA-Seq	hbca_n08,P17,replicate_1,blank,nuclei
SRR24908640	SRX20670082	SAMN35724702	GSM7475151	GSM7475151	RNA-Seq	Illumina HiSeq 4000	ILLUMINA	14110624	1382841152	Illumina HiSeq 4000 sequencing: GSM7475151: hbca_n07,P12,replicate_1,left and right breast,nuclei Homo sapiens RNA-Seq	hbca_n07,P12,replicate_1,left and right breast,nuclei
SRR24908641	SRX20670082	SAMN35724702	GSM7475151	GSM7475151	RNA-Seq	Illumina HiSeq 4000	ILLUMINA	17452604	1710355192	Illumina HiSeq 4000 sequencing: GSM7475151: hbca_n07,P12,replicate_1,left and right breast,nuclei Homo sapiens RNA-Seq	hbca_n07,P12,replicate_1,left and right breast,nuclei
SRR24908645	SRX20670081	SAMN35724703	GSM7475150	GSM7475150	RNA-Seq	Illumina HiSeq 4000	ILLUMINA	16632294	1629964812	Illumina HiSeq 4000 sequencing: GSM7475150: hbca_n06,P134,replicate_1,left and right breast,nuclei Homo sapiens RNA-Seq	hbca_n06,P134,replicate_1,left and right breast,nuclei
SRR24908646	SRX20670081	SAMN35724703	GSM7475150	GSM7475150	RNA-Seq	Illumina HiSeq 4000	ILLUMINA	18097475	1773552550	Illumina HiSeq 4000 sequencing: GSM7475150: hbca_n06,P134,replicate_1,left and right breast,nuclei Homo sapiens RNA-Seq	hbca_n06,P134,replicate_1,left and right breast,nuclei
SRR24908647	SRX20670080	SAMN35724705	GSM7475148	GSM7475148	RNA-Seq	Illumina NovaSeq 6000	ILLUMINA	190620896	17346501536	Illumina NovaSeq 6000 sequencing: GSM7475148: hbca_n04,P37,replicate_1,contra,nuclei Homo sapiens RNA-Seq	hbca_n04,P37,replicate_1,contra,nuclei
SRR24908648	SRX20670080	SAMN35724705	GSM7475148	GSM7475148	RNA-Seq	Illumina NovaSeq 6000	ILLUMINA	190822814	17364876074	Illumina NovaSeq 6000 sequencing: GSM7475148: hbca_n04,P37,replicate_1,contra,nuclei Homo sapiens RNA-Seq	hbca_n04,P37,replicate_1,contra,nuclei
SRR24908650	SRX20670078	SAMN35724707	GSM7475146	GSM7475146	RNA-Seq	Illumina HiSeq 4000	ILLUMINA	341973136	43088615136	Illumina HiSeq 4000 sequencing: GSM7475146: hbca_n02,P08,replicate_1,contra,nuclei Homo sapiens RNA-Seq	hbca_n02,P08,replicate_1,contra,nuclei
SRR24908651	SRX20670077	SAMN35724708	GSM7475145	GSM7475145	RNA-Seq	Illumina HiSeq 4000	ILLUMINA	118409780	14919632280	Illumina HiSeq 4000 sequencing: GSM7475145: hbca_n01,P01,replicate_1,contra,nuclei Homo sapiens RNA-Seq	hbca_n01,P01,replicate_1,contra,nuclei
SRR24908653	SRX20670076	SAMN35724685	GSM7475168	GSM7475168	RNA-Seq	Illumina NovaSeq 6000	ILLUMINA	189920294	17282746754	Illumina NovaSeq 6000 sequencing: GSM7475168: hbca_n24,P41,replicate_1,right,nuclei Homo sapiens RNA-Seq	hbca_n24,P41,replicate_1,right,nuclei
SRR24908657	SRX20670074	SAMN35724687	GSM7475166	GSM7475166	RNA-Seq	Illumina NovaSeq 6000	ILLUMINA	164755627	14992762057	Illumina NovaSeq 6000 sequencing: GSM7475166: hbca_n22,P40,replicate_1,right,nuclei Homo sapiens RNA-Seq	hbca_n22,P40,replicate_1,right,nuclei
SRR24908660	SRX20670072	SAMN35724689	GSM7475164	GSM7475164	RNA-Seq	Illumina NovaSeq 6000	ILLUMINA	204851831	18641516621	Illumina NovaSeq 6000 sequencing: GSM7475164: hbca_n20,P39,replicate_1,right,nuclei Homo sapiens RNA-Seq	hbca_n20,P39,replicate_1,right,nuclei
SRR24908665	SRX20670070	SAMN35724691	GSM7475162	GSM7475162	RNA-Seq	Illumina NovaSeq 6000	ILLUMINA	177744921	16174787811	Illumina NovaSeq 6000 sequencing: GSM7475162: hbca_n18,P38,replicate_1,right,nuclei Homo sapiens RNA-Seq	hbca_n18,P38,replicate_1,right,nuclei
SRR24908667	SRX20670069	SAMN35724692	GSM7475161	GSM7475161	RNA-Seq	Illumina NovaSeq 6000	ILLUMINA	167959363	15284302033	Illumina NovaSeq 6000 sequencing: GSM7475161: hbca_n17,P38,replicate_1,left,nuclei Homo sapiens RNA-Seq	hbca_n17,P38,replicate_1,left,nuclei
SRR24916188	SRX20677101	SAMN35724360	GSM7475121	GSM7475121	RNA-Seq	Illumina NovaSeq 6000	ILLUMINA	376273215	37627321500	Illumina NovaSeq 6000 sequencing: GSM7475121: P82, replicate_1, right, frozen tissue OCT, visium Homo sapiens RNA-Seq	P82, replicate_1, right, frozen tissue OCT, visium
SRR24916193	SRX20677098	SAMN35724363	GSM7475118	GSM7475118	RNA-Seq	Illumina NovaSeq 6000	ILLUMINA	423500797	16093030286	Illumina NovaSeq 6000 sequencing: GSM7475118: P127, replicate_1, right, frozen tissue OCT, visium Homo sapiens RNA-Seq	P127, replicate_1, right, frozen tissue OCT, visium
SRR24916194	SRX20677098	SAMN35724363	GSM7475118	GSM7475118	RNA-Seq	Illumina NovaSeq 6000	ILLUMINA	423500797	42350079700	Illumina NovaSeq 6000 sequencing: GSM7475118: P127, replicate_1, right, frozen tissue OCT, visium Homo sapiens RNA-Seq	P127, replicate_1, right, frozen tissue OCT, visium
SRR24916195	SRX20677097	SAMN35724364	GSM7475117	GSM7475117	RNA-Seq	Illumina NovaSeq 6000	ILLUMINA	452452634	17193200092	Illumina NovaSeq 6000 sequencing: GSM7475117: P67, replicate_1, right, frozen tissue OCT, visium Homo sapiens RNA-Seq	P67, replicate_1, right, frozen tissue OCT, visium
SRR24916196	SRX20677097	SAMN35724364	GSM7475117	GSM7475117	RNA-Seq	Illumina NovaSeq 6000	ILLUMINA	452452634	45245263400	Illumina NovaSeq 6000 sequencing: GSM7475117: P67, replicate_1, right, frozen tissue OCT, visium Homo sapiens RNA-Seq	P67, replicate_1, right, frozen tissue OCT, visium
SRR24916197	SRX20677096	SAMN35724365	GSM7475116	GSM7475116	RNA-Seq	Illumina NovaSeq 6000	ILLUMINA	404107425	15356082150	Illumina NovaSeq 6000 sequencing: GSM7475116: P65, replicate_1, right, frozen tissue OCT, visium Homo sapiens RNA-Seq	P65, replicate_1, right, frozen tissue OCT, visium
SRR24916201	SRX20677094	SAMN35724367	GSM7475114	GSM7475114	RNA-Seq	Illumina NovaSeq 6000	ILLUMINA	199121575	23894589000	Illumina NovaSeq 6000 sequencing: GSM7475114: P46, replicate_1, left, frozen tissue OCT, visium Homo sapiens RNA-Seq	P46, replicate_1, left, frozen tissue OCT, visium
SRR24916202	SRX20677094	SAMN35724367	GSM7475114	GSM7475114	RNA-Seq	Illumina NovaSeq 6000	ILLUMINA	205219118	24626294160	Illumina NovaSeq 6000 sequencing: GSM7475114: P46, replicate_1, left, frozen tissue OCT, visium Homo sapiens RNA-Seq	P46, replicate_1, left, frozen tissue OCT, visium
SRR24916204	SRX20677093	SAMN35724368	GSM7475113	GSM7475113	RNA-Seq	Illumina NovaSeq 6000	ILLUMINA	478182981	62163787530	Illumina NovaSeq 6000 sequencing: GSM7475113: P35, replicate_1, contra, frozen tissue OCT, visium Homo sapiens RNA-Seq	P35, replicate_1, contra, frozen tissue OCT, visium
SRR24916205	SRX20677092	SAMN35724369	GSM7475112	GSM7475112	RNA-Seq	Illumina NovaSeq 6000	ILLUMINA	461115960	17522406480	Illumina NovaSeq 6000 sequencing: GSM7475112: P10, replicate_1, contra, frozen tissue OCT, visium Homo sapiens RNA-Seq	P10, replicate_1, contra, frozen tissue OCT, visium
SRR24975289	SRX20733011	SAMN35813493	GSM7500502	GSM7500502	RNA-Seq	Illumina HiSeq 4000	ILLUMINA	77244561	7569966978	Illumina HiSeq 4000 sequencing: GSM7500502: hbca_c16,P13,replicate_1,both,overnight_digestion Homo sapiens RNA-Seq	hbca_c16,P13,replicate_1,both,overnight_digestion
SRR24975290	SRX20733010	SAMN35813501	GSM7500494	GSM7500494	RNA-Seq	Illumina NovaSeq 6000	ILLUMINA	174930484	15918674044	Illumina NovaSeq 6000 sequencing: GSM7500494: hbca_c32,P24,replicate_1,NA,overnight_digestion Homo sapiens RNA-Seq	hbca_c32,P24,replicate_1,NA,overnight_digestion
SRR24975291	SRX20733013	SAMN35813494	GSM7500501	GSM7500501	RNA-Seq	Illumina HiSeq 4000	ILLUMINA	71460035	7003083430	Illumina HiSeq 4000 sequencing: GSM7500501: hbca_c18,P14,replicate_1,both,overnight_digestion Homo sapiens RNA-Seq	hbca_c18,P14,replicate_1,both,overnight_digestion
SRR24975293	SRX20733009	SAMN35813495	GSM7500500	GSM7500500	RNA-Seq	Illumina NovaSeq 6000	ILLUMINA	233735928	21269969448	Illumina NovaSeq 6000 sequencing: GSM7500500: hbca_c49,P43,replicate_1,contra,overnight_digestion Homo sapiens RNA-Seq	hbca_c49,P43,replicate_1,contra,overnight_digestion
SRR24975294	SRX20732961	SAMN35813496	GSM7500499	GSM7500499	RNA-Seq	Illumina NovaSeq 6000	ILLUMINA	196900470	17917942770	Illumina NovaSeq 6000 sequencing: GSM7500499: hbca_c48,P43,replicate_1,contra,3hr_digestion Homo sapiens RNA-Seq	hbca_c48,P43,replicate_1,contra,3hr_digestion
SRR24975297	SRX20733006	SAMN35813562	GSM7500433	GSM7500433	RNA-Seq	Illumina NovaSeq 6000	ILLUMINA	86468600	7868642600	Illumina NovaSeq 6000 sequencing: GSM7500433: hbca_c124,P83,replicate_1,right,3hr_digestion Homo sapiens RNA-Seq	hbca_c124,P83,replicate_1,right,3hr_digestion
SRR24975302	SRX20733004	SAMN35813553	GSM7500442	GSM7500442	RNA-Seq	Illumina NovaSeq 6000	ILLUMINA	68279121	6213400011	Illumina NovaSeq 6000 sequencing: GSM7500442: hbca_c133,P92,replicate_1,right,2hr_digstion Homo sapiens RNA-Seq	hbca_c133,P92,replicate_1,right,2hr_digstion
SRR24975305	SRX20733004	SAMN35813553	GSM7500442	GSM7500442	RNA-Seq	Illumina NovaSeq 6000	ILLUMINA	69058208	6284296928	Illumina NovaSeq 6000 sequencing: GSM7500442: hbca_c133,P92,replicate_1,right,2hr_digstion Homo sapiens RNA-Seq	hbca_c133,P92,replicate_1,right,2hr_digstion
SRR24975316	SRX20733001	SAMN35813556	GSM7500439	GSM7500439	RNA-Seq	Illumina NovaSeq 6000	ILLUMINA	88659146	8067982286	Illumina NovaSeq 6000 sequencing: GSM7500439: hbca_c130,P89,replicate_1,right,2hr_digstion Homo sapiens RNA-Seq	hbca_c130,P89,replicate_1,right,2hr_digstion
SRR24975321	SRX20732999	SAMN35813558	GSM7500437	GSM7500437	RNA-Seq	Illumina NovaSeq 6000	ILLUMINA	87662123	7977253193	Illumina NovaSeq 6000 sequencing: GSM7500437: hbca_c128,P87,replicate_1,right,3hr_digestion Homo sapiens RNA-Seq	hbca_c128,P87,replicate_1,right,3hr_digestion
SRR24975323	SRX20732999	SAMN35813558	GSM7500437	GSM7500437	RNA-Seq	Illumina NovaSeq 6000	ILLUMINA	84057069	7649193279	Illumina NovaSeq 6000 sequencing: GSM7500437: hbca_c128,P87,replicate_1,right,3hr_digestion Homo sapiens RNA-Seq	hbca_c128,P87,replicate_1,right,3hr_digestion
SRR24975328	SRX20732997	SAMN35813561	GSM7500434	GSM7500434	RNA-Seq	Illumina NovaSeq 6000	ILLUMINA	90187495	8207062045	Illumina NovaSeq 6000 sequencing: GSM7500434: hbca_c125,P84,replicate_1,right,2hr_digstion Homo sapiens RNA-Seq	hbca_c125,P84,replicate_1,right,2hr_digstion
SRR24975330	SRX20732997	SAMN35813561	GSM7500434	GSM7500434	RNA-Seq	Illumina NovaSeq 6000	ILLUMINA	87519796	7964301436	Illumina NovaSeq 6000 sequencing: GSM7500434: hbca_c125,P84,replicate_1,right,2hr_digstion Homo sapiens RNA-Seq	hbca_c125,P84,replicate_1,right,2hr_digstion
SRR24975333	SRX20732995	SAMN35813571	GSM7500424	GSM7500424	RNA-Seq	Illumina NovaSeq 6000	ILLUMINA	197823033	18001896003	Illumina NovaSeq 6000 sequencing: GSM7500424: hbca_c115,P74,replicate_1,right,2hr_digstion Homo sapiens RNA-Seq	hbca_c115,P74,replicate_1,right,2hr_digstion
SRR24975334	SRX20732995	SAMN35813571	GSM7500424	GSM7500424	RNA-Seq	Illumina NovaSeq 6000	ILLUMINA	196718817	17901412347	Illumina NovaSeq 6000 sequencing: GSM7500424: hbca_c115,P74,replicate_1,right,2hr_digstion Homo sapiens RNA-Seq	hbca_c115,P74,replicate_1,right,2hr_digstion
SRR24975344	SRX20732992	SAMN35813544	GSM7500451	GSM7500451	RNA-Seq	Illumina NovaSeq 6000	ILLUMINA	114405504	10410900864	Illumina NovaSeq 6000 sequencing: GSM7500451: hbca_c142,P101,replicate_1,right,3hr_digestion Homo sapiens RNA-Seq	hbca_c142,P101,replicate_1,right,3hr_digestion
SRR24975345	SRX20732992	SAMN35813544	GSM7500451	GSM7500451	RNA-Seq	Illumina NovaSeq 6000	ILLUMINA	113426627	10321823057	Illumina NovaSeq 6000 sequencing: GSM7500451: hbca_c142,P101,replicate_1,right,3hr_digestion Homo sapiens RNA-Seq	hbca_c142,P101,replicate_1,right,3hr_digestion
SRR24975356	SRX20732989	SAMN35813548	GSM7500447	GSM7500447	RNA-Seq	Illumina NovaSeq 6000	ILLUMINA	113453549	10324272959	Illumina NovaSeq 6000 sequencing: GSM7500447: hbca_c138,P97,replicate_1,right,3hr_digestion Homo sapiens RNA-Seq	hbca_c138,P97,replicate_1,right,3hr_digestion
SRR24975361	SRX20732988	SAMN35813549	GSM7500446	GSM7500446	RNA-Seq	Illumina NovaSeq 6000	ILLUMINA	103239893	9394830263	Illumina NovaSeq 6000 sequencing: GSM7500446: hbca_c137,P96,replicate_1,left,2hr_digstion Homo sapiens RNA-Seq	hbca_c137,P96,replicate_1,left,2hr_digstion
SRR24975364	SRX20732987	SAMN35813550	GSM7500445	GSM7500445	RNA-Seq	Illumina NovaSeq 6000	ILLUMINA	103418006	9411038546	Illumina NovaSeq 6000 sequencing: GSM7500445: hbca_c136,P95,replicate_1,left,6hr_digestion Homo sapiens RNA-Seq	hbca_c136,P95,replicate_1,left,6hr_digestion
SRR24975369	SRX20732986	SAMN35813564	GSM7500431	GSM7500431	RNA-Seq	Illumina NovaSeq 6000	ILLUMINA	102125102	9293384282	Illumina NovaSeq 6000 sequencing: GSM7500431: hbca_c122,P81,replicate_1,right,2hr_digstion Homo sapiens RNA-Seq	hbca_c122,P81,replicate_1,right,2hr_digstion
SRR24975370	SRX20732986	SAMN35813564	GSM7500431	GSM7500431	RNA-Seq	Illumina NovaSeq 6000	ILLUMINA	102432634	9321369694	Illumina NovaSeq 6000 sequencing: GSM7500431: hbca_c122,P81,replicate_1,right,2hr_digstion Homo sapiens RNA-Seq	hbca_c122,P81,replicate_1,right,2hr_digstion
SRR24975374	SRX20732985	SAMN35813563	GSM7500432	GSM7500432	RNA-Seq	Illumina NovaSeq 6000	ILLUMINA	102911751	9364969341	Illumina NovaSeq 6000 sequencing: GSM7500432: hbca_c123,P82,replicate_1,right,3hr_digestion Homo sapiens RNA-Seq	hbca_c123,P82,replicate_1,right,3hr_digestion
SRR24975378	SRX20733008	SAMN35813555	GSM7500440	GSM7500440	RNA-Seq	Illumina NovaSeq 6000	ILLUMINA	97168127	8842299557	Illumina NovaSeq 6000 sequencing: GSM7500440: hbca_c131,P90,replicate_1,right,3hr_digestion Homo sapiens RNA-Seq	hbca_c131,P90,replicate_1,right,3hr_digestion
SRR24975379	SRX20733007	SAMN35813551	GSM7500444	GSM7500444	RNA-Seq	Illumina NovaSeq 6000	ILLUMINA	103875351	9452656941	Illumina NovaSeq 6000 sequencing: GSM7500444: hbca_c135,P94,replicate_1,right,3hr_digestion Homo sapiens RNA-Seq	hbca_c135,P94,replicate_1,right,3hr_digestion
SRR24975384	SRX20732983	SAMN35813565	GSM7500430	GSM7500430	RNA-Seq	Illumina NovaSeq 6000	ILLUMINA	85572762	7787121342	Illumina NovaSeq 6000 sequencing: GSM7500430: hbca_c121,P80,replicate_1,right,2hr_digstion Homo sapiens RNA-Seq	hbca_c121,P80,replicate_1,right,2hr_digstion
SRR24975386	SRX20732983	SAMN35813565	GSM7500430	GSM7500430	RNA-Seq	Illumina NovaSeq 6000	ILLUMINA	87471380	7959895580	Illumina NovaSeq 6000 sequencing: GSM7500430: hbca_c121,P80,replicate_1,right,2hr_digstion Homo sapiens RNA-Seq	hbca_c121,P80,replicate_1,right,2hr_digstion
SRR24975390	SRX20732982	SAMN35813566	GSM7500429	GSM7500429	RNA-Seq	Illumina NovaSeq 6000	ILLUMINA	90515149	8236878559	Illumina NovaSeq 6000 sequencing: GSM7500429: hbca_c120,P79,replicate_1,left,3hr_digestion Homo sapiens RNA-Seq	hbca_c120,P79,replicate_1,left,3hr_digestion
SRR24975391	SRX20732982	SAMN35813566	GSM7500429	GSM7500429	RNA-Seq	Illumina NovaSeq 6000	ILLUMINA	88685109	8070344919	Illumina NovaSeq 6000 sequencing: GSM7500429: hbca_c120,P79,replicate_1,left,3hr_digestion Homo sapiens RNA-Seq	hbca_c120,P79,replicate_1,left,3hr_digestion
SRR24975397	SRX20733006	SAMN35813562	GSM7500433	GSM7500433	RNA-Seq	Illumina NovaSeq 6000	ILLUMINA	84482500	7687907500	Illumina NovaSeq 6000 sequencing: GSM7500433: hbca_c124,P83,replicate_1,right,3hr_digestion Homo sapiens RNA-Seq	hbca_c124,P83,replicate_1,right,3hr_digestion
SRR24975400	SRX20732980	SAMN35813568	GSM7500427	GSM7500427	RNA-Seq	Illumina NovaSeq 6000	ILLUMINA	114288980	10400297180	Illumina NovaSeq 6000 sequencing: GSM7500427: hbca_c118,P77,replicate_1,left,3hr_digestion Homo sapiens RNA-Seq	hbca_c118,P77,replicate_1,left,3hr_digestion
SRR24975401	SRX20732980	SAMN35813568	GSM7500427	GSM7500427	RNA-Seq	Illumina NovaSeq 6000	ILLUMINA	111976017	10189817547	Illumina NovaSeq 6000 sequencing: GSM7500427: hbca_c118,P77,replicate_1,left,3hr_digestion Homo sapiens RNA-Seq	hbca_c118,P77,replicate_1,left,3hr_digestion
SRR24975402	SRX20732980	SAMN35813568	GSM7500427	GSM7500427	RNA-Seq	Illumina NovaSeq 6000	ILLUMINA	110449586	10050912326	Illumina NovaSeq 6000 sequencing: GSM7500427: hbca_c118,P77,replicate_1,left,3hr_digestion Homo sapiens RNA-Seq	hbca_c118,P77,replicate_1,left,3hr_digestion
SRR24975404	SRX20732984	SAMN35813569	GSM7500426	GSM7500426	RNA-Seq	Illumina NovaSeq 6000	ILLUMINA	118905426	10820393766	Illumina NovaSeq 6000 sequencing: GSM7500426: hbca_c117,P76,replicate_1,left,3hr_digestion Homo sapiens RNA-Seq	hbca_c117,P76,replicate_1,left,3hr_digestion
SRR24975408	SRX20732978	SAMN35813570	GSM7500425	GSM7500425	RNA-Seq	Illumina NovaSeq 6000	ILLUMINA	115354430	10497253130	Illumina NovaSeq 6000 sequencing: GSM7500425: hbca_c116,P75,replicate_1,left,3hr_digestion Homo sapiens RNA-Seq	hbca_c116,P75,replicate_1,left,3hr_digestion
SRR24975412	SRX20732925	SAMN35813572	GSM7500423	GSM7500423	RNA-Seq	Illumina NovaSeq 6000	ILLUMINA	199244690	18131266790	Illumina NovaSeq 6000 sequencing: GSM7500423: hbca_c114,P73,replicate_1,right,3hr_digestion Homo sapiens RNA-Seq	hbca_c114,P73,replicate_1,right,3hr_digestion
SRR24975413	SRX20732976	SAMN35813589	GSM7500406	GSM7500406	RNA-Seq	Illumina NovaSeq 6000	ILLUMINA	139395066	12684951006	Illumina NovaSeq 6000 sequencing: GSM7500406: hbca_c96,P61,replicate_1,left,4hr_digestion Homo sapiens RNA-Seq	hbca_c96,P61,replicate_1,left,4hr_digestion
SRR24975419	SRX20732974	SAMN35813599	GSM7500396	GSM7500396	RNA-Seq	Illumina NovaSeq 6000	ILLUMINA	197607556	17982287596	Illumina NovaSeq 6000 sequencing: GSM7500396: hbca_c87,P40,replicate_1,right,3hr_digestion Homo sapiens RNA-Seq	hbca_c87,P40,replicate_1,right,3hr_digestion
SRR24975420	SRX20732973	SAMN35813598	GSM7500397	GSM7500397	RNA-Seq	Illumina NovaSeq 6000	ILLUMINA	206672744	18807219704	Illumina NovaSeq 6000 sequencing: GSM7500397: hbca_c88,P58,replicate_1,left,3hr_digestion Homo sapiens RNA-Seq	hbca_c88,P58,replicate_1,left,3hr_digestion
SRR24975421	SRX20732973	SAMN35813598	GSM7500397	GSM7500397	RNA-Seq	Illumina NovaSeq 6000	ILLUMINA	203839648	18549407968	Illumina NovaSeq 6000 sequencing: GSM7500397: hbca_c88,P58,replicate_1,left,3hr_digestion Homo sapiens RNA-Seq	hbca_c88,P58,replicate_1,left,3hr_digestion
SRR24975424	SRX20732972	SAMN35813592	GSM7500403	GSM7500403	RNA-Seq	Illumina NovaSeq 6000	ILLUMINA	208415374	18965799034	Illumina NovaSeq 6000 sequencing: GSM7500403: hbca_c93,P59,replicate_1,right,3hr_digestion Homo sapiens RNA-Seq	hbca_c93,P59,replicate_1,right,3hr_digestion
SRR24975425	SRX20732971	SAMN35813593	GSM7500402	GSM7500402	RNA-Seq	Illumina NovaSeq 6000	ILLUMINA	222928198	20286466018	Illumina NovaSeq 6000 sequencing: GSM7500402: hbca_c100,P59,replicate_2,left,3hr_digestion Homo sapiens RNA-Seq	hbca_c100,P59,replicate_2,left,3hr_digestion
SRR24975436	SRX20732965	SAMN35813600	GSM7500395	GSM7500395	RNA-Seq	Illumina NovaSeq 6000	ILLUMINA	181966554	16558956414	Illumina NovaSeq 6000 sequencing: GSM7500395: hbca_c86,P40,replicate_1,left,3hr_digestion Homo sapiens RNA-Seq	hbca_c86,P40,replicate_1,left,3hr_digestion
SRR24975442	SRX20732962	SAMN35813603	GSM7500392	GSM7500392	RNA-Seq	Illumina NovaSeq 6000	ILLUMINA	180655223	16439625293	Illumina NovaSeq 6000 sequencing: GSM7500392: hbca_c83,P38,replicate_1,right,3hr_digestion Homo sapiens RNA-Seq	hbca_c83,P38,replicate_1,right,3hr_digestion
SRR24975448	SRX20732959	SAMN35813499	GSM7500496	GSM7500496	RNA-Seq	Illumina NovaSeq 6000	ILLUMINA	211602483	19255825953	Illumina NovaSeq 6000 sequencing: GSM7500496: hbca_c45,P36,replicate_1,contra,overnight_digestion Homo sapiens RNA-Seq	hbca_c45,P36,replicate_1,contra,overnight_digestion
SRR24975449	SRX20732959	SAMN35813499	GSM7500496	GSM7500496	RNA-Seq	Illumina NovaSeq 6000	ILLUMINA	211188184	19218124744	Illumina NovaSeq 6000 sequencing: GSM7500496: hbca_c45,P36,replicate_1,contra,overnight_digestion Homo sapiens RNA-Seq	hbca_c45,P36,replicate_1,contra,overnight_digestion
SRR24975450	SRX20732958	SAMN35813498	GSM7500497	GSM7500497	RNA-Seq	Illumina NovaSeq 6000	ILLUMINA	204714466	18629016406	Illumina NovaSeq 6000 sequencing: GSM7500497: hbca_c46,P42,replicate_1,contra,short_digestion Homo sapiens RNA-Seq	hbca_c46,P42,replicate_1,contra,short_digestion
SRR24975457	SRX20732955	SAMN35813509	GSM7500486	GSM7500486	RNA-Seq	Illumina NovaSeq 6000	ILLUMINA	197799659	17999768969	Illumina NovaSeq 6000 sequencing: GSM7500486: hbca_c41,P32,replicate_1,contra,overnight_digestion Homo sapiens RNA-Seq	hbca_c41,P32,replicate_1,contra,overnight_digestion
SRR24975460	SRX20732954	SAMN35813503	GSM7500492	GSM7500492	RNA-Seq	Illumina NovaSeq 6000	ILLUMINA	185119184	16845845744	Illumina NovaSeq 6000 sequencing: GSM7500492: hbca_c30,P23,replicate_2,contra,short_digestion Homo sapiens RNA-Seq	hbca_c30,P23,replicate_2,contra,short_digestion
SRR24975472	SRX20732948	SAMN35813516	GSM7500479	GSM7500479	RNA-Seq	Illumina NovaSeq 6000	ILLUMINA	227900385	20738935035	Illumina NovaSeq 6000 sequencing: GSM7500479: hbca_c37,P29,replicate_1,contra,overnight_digestion Homo sapiens RNA-Seq	hbca_c37,P29,replicate_1,contra,overnight_digestion
SRR24975474	SRX20732947	SAMN35813510	GSM7500485	GSM7500485	RNA-Seq	Illumina NovaSeq 6000	ILLUMINA	198530625	17669225625	Illumina NovaSeq 6000 sequencing: GSM7500485: hbca_c26,P20,replicate_1,NA,overnight_digestion Homo sapiens RNA-Seq	hbca_c26,P20,replicate_1,NA,overnight_digestion
SRR24975475	SRX20732946	SAMN35813511	GSM7500484	GSM7500484	RNA-Seq	Illumina NovaSeq 6000	ILLUMINA	189514390	16866780710	Illumina NovaSeq 6000 sequencing: GSM7500484: hbca_c25,P20,replicate_1,NA,short_digestion Homo sapiens RNA-Seq	hbca_c25,P20,replicate_1,NA,short_digestion
SRR24975477	SRX20732945	SAMN35813512	GSM7500483	GSM7500483	RNA-Seq	Illumina NovaSeq 6000	ILLUMINA	205094758	18663622978	Illumina NovaSeq 6000 sequencing: GSM7500483: hbca_c40,P37,replicate_1,contra,short_digestion Homo sapiens RNA-Seq	hbca_c40,P37,replicate_1,contra,short_digestion
SRR24975482	SRX20732943	SAMN35813514	GSM7500481	GSM7500481	RNA-Seq	Illumina NovaSeq 6000	ILLUMINA	196947637	17922234967	Illumina NovaSeq 6000 sequencing: GSM7500481: hbca_c39,P31,replicate_1,left,overnight_digestion Homo sapiens RNA-Seq	hbca_c39,P31,replicate_1,left,overnight_digestion
SRR24975488	SRX20732939	SAMN35813526	GSM7500469	GSM7500469	RNA-Seq	Illumina HiSeq 4000	ILLUMINA	319872861	40303980486	Illumina HiSeq 4000 sequencing: GSM7500469: hbca_c07,P07,replicate_1,contra,short_digestion Homo sapiens RNA-Seq	hbca_c07,P07,replicate_1,contra,short_digestion
SRR24975490	SRX20732938	SAMN35813527	GSM7500468	GSM7500468	RNA-Seq	Illumina HiSeq 4000	ILLUMINA	320441257	40375598382	Illumina HiSeq 4000 sequencing: GSM7500468: hbca_c06,P06,replicate_1,contra,short_digestion Homo sapiens RNA-Seq	hbca_c06,P06,replicate_1,contra,short_digestion
SRR24975491	SRX20732937	SAMN35813517	GSM7500478	GSM7500478	RNA-Seq	Illumina NovaSeq 6000	ILLUMINA	220574180	20072250380	Illumina NovaSeq 6000 sequencing: GSM7500478: hbca_c36,P28,replicate_1,contra,overnight_digestion Homo sapiens RNA-Seq	hbca_c36,P28,replicate_1,contra,overnight_digestion
SRR24975493	SRX20732936	SAMN35813518	GSM7500477	GSM7500477	RNA-Seq	Illumina NovaSeq 6000	ILLUMINA	219291490	19955525590	Illumina NovaSeq 6000 sequencing: GSM7500477: hbca_c35,P27,replicate_1,contra,short_digestion Homo sapiens RNA-Seq	hbca_c35,P27,replicate_1,contra,short_digestion
SRR24975496	SRX20732934	SAMN35813520	GSM7500475	GSM7500475	RNA-Seq	Illumina HiSeq 4000	ILLUMINA	345309344	43508977344	Illumina HiSeq 4000 sequencing: GSM7500475: hbca_c13,P11,replicate_1,contra,overnight_digestion Homo sapiens RNA-Seq	hbca_c13,P11,replicate_1,contra,overnight_digestion
SRR24975502	SRX20732928	SAMN35813530	GSM7500465	GSM7500465	RNA-Seq	Illumina HiSeq 4000	ILLUMINA	357352385	45026400510	Illumina HiSeq 4000 sequencing: GSM7500465: hbca_c03,P03,replicate_1,contra,short_digestion Homo sapiens RNA-Seq	hbca_c03,P03,replicate_1,contra,short_digestion
SRR24975504	SRX20732926	SAMN35813532	GSM7500463	GSM7500463	RNA-Seq	Illumina HiSeq 4000	ILLUMINA	324492736	40886084736	Illumina HiSeq 4000 sequencing: GSM7500463: hbca_c01,P01,replicate_1,contra,short_digestion Homo sapiens RNA-Seq	hbca_c01,P01,replicate_1,contra,short_digestion
SRR24975508	SRX20732923	SAMN35813574	GSM7500421	GSM7500421	RNA-Seq	Illumina NovaSeq 6000	ILLUMINA	200890573	18281042143	Illumina NovaSeq 6000 sequencing: GSM7500421: hbca_c112,P71,replicate_1,left,3hr_digestion Homo sapiens RNA-Seq	hbca_c112,P71,replicate_1,left,3hr_digestion
SRR24975509	SRX20732923	SAMN35813574	GSM7500421	GSM7500421	RNA-Seq	Illumina NovaSeq 6000	ILLUMINA	200101050	18209195550	Illumina NovaSeq 6000 sequencing: GSM7500421: hbca_c112,P71,replicate_1,left,3hr_digestion Homo sapiens RNA-Seq	hbca_c112,P71,replicate_1,left,3hr_digestion
SRR24975517	SRX20732919	SAMN35813578	GSM7500417	GSM7500417	RNA-Seq	Illumina NovaSeq 6000	ILLUMINA	191651809	17440314619	Illumina NovaSeq 6000 sequencing: GSM7500417: hbca_c108,P67,replicate_1,left,3hr_digestion Homo sapiens RNA-Seq	hbca_c108,P67,replicate_1,left,3hr_digestion
SRR24975519	SRX20732918	SAMN35813579	GSM7500416	GSM7500416	RNA-Seq	Illumina NovaSeq 6000	ILLUMINA	195271592	17769714872	Illumina NovaSeq 6000 sequencing: GSM7500416: hbca_c107,P66,replicate_1,right,3hr_digestion Homo sapiens RNA-Seq	hbca_c107,P66,replicate_1,right,3hr_digestion
SRR24975524	SRX20732916	SAMN35813581	GSM7500414	GSM7500414	RNA-Seq	Illumina NovaSeq 6000	ILLUMINA	189573897	17251224627	Illumina NovaSeq 6000 sequencing: GSM7500414: hbca_c105,P65,replicate_1,left,2hr_digstion Homo sapiens RNA-Seq	hbca_c105,P65,replicate_1,left,2hr_digstion
SRR24975527	SRX20732914	SAMN35813583	GSM7500412	GSM7500412	RNA-Seq	Illumina NovaSeq 6000	ILLUMINA	194393817	17689837347	Illumina NovaSeq 6000 sequencing: GSM7500412: hbca_c103,P64,replicate_1,left,2hr_digstion Homo sapiens RNA-Seq	hbca_c103,P64,replicate_1,left,2hr_digstion
SRR24975530	SRX20732912	SAMN35813585	GSM7500410	GSM7500410	RNA-Seq	Illumina NovaSeq 6000	ILLUMINA	168905005	15370355455	Illumina NovaSeq 6000 sequencing: GSM7500410: hbca_c101,P63,replicate_1,left,3hr_digestion Homo sapiens RNA-Seq	hbca_c101,P63,replicate_1,left,3hr_digestion
SRR24975534	SRX20732910	SAMN35813587	GSM7500408	GSM7500408	RNA-Seq	Illumina NovaSeq 6000	ILLUMINA	196578077	17888605007	Illumina NovaSeq 6000 sequencing: GSM7500408: hbca_c98,P62,replicate_1,left,2hr_digstion Homo sapiens RNA-Seq	hbca_c98,P62,replicate_1,left,2hr_digstion
SRR24975535	SRX20732910	SAMN35813587	GSM7500408	GSM7500408	RNA-Seq	Illumina NovaSeq 6000	ILLUMINA	196952970	17922720270	Illumina NovaSeq 6000 sequencing: GSM7500408: hbca_c98,P62,replicate_1,left,2hr_digstion Homo sapiens RNA-Seq	hbca_c98,P62,replicate_1,left,2hr_digstion
SRR24975537	SRX20732977	SAMN35813588	GSM7500407	GSM7500407	RNA-Seq	Illumina NovaSeq 6000	ILLUMINA	161998663	14741878333	Illumina NovaSeq 6000 sequencing: GSM7500407: hbca_c97,P61,replicate_1,right,4hr_digestion Homo sapiens RNA-Seq	hbca_c97,P61,replicate_1,right,4hr_digestion
SRR24975543	SRX20732906	SAMN35813607	GSM7500388	GSM7500388	RNA-Seq	Illumina NovaSeq 6000	ILLUMINA	183906194	16735463654	Illumina NovaSeq 6000 sequencing: GSM7500388: hbca_c79,P56,replicate_1,right,6hr_digestion Homo sapiens RNA-Seq	hbca_c79,P56,replicate_1,right,6hr_digestion
SRR24975546	SRX20732905	SAMN35813608	GSM7500387	GSM7500387	RNA-Seq	Illumina NovaSeq 6000	ILLUMINA	173589366	15796632306	Illumina NovaSeq 6000 sequencing: GSM7500387: hbca_c78,P56,replicate_1,left,6hr_digestion Homo sapiens RNA-Seq	hbca_c78,P56,replicate_1,left,6hr_digestion
SRR24975547	SRX20732904	SAMN35813609	GSM7500386	GSM7500386	RNA-Seq	Illumina NovaSeq 6000	ILLUMINA	207063738	18842800158	Illumina NovaSeq 6000 sequencing: GSM7500386: hbca_c77,P55,replicate_1,right,3hr_digestion Homo sapiens RNA-Seq	hbca_c77,P55,replicate_1,right,3hr_digestion
SRR24975554	SRX20732901	SAMN35813612	GSM7500383	GSM7500383	RNA-Seq	Illumina NovaSeq 6000	ILLUMINA	197133123	17939114193	Illumina NovaSeq 6000 sequencing: GSM7500383: hbca_c74,P54,replicate_1,left,3hr_digestion Homo sapiens RNA-Seq	hbca_c74,P54,replicate_1,left,3hr_digestion
SRR24975557	SRX20732899	SAMN35813614	GSM7500381	GSM7500381	RNA-Seq	Illumina NovaSeq 6000	ILLUMINA	186439511	16965995501	Illumina NovaSeq 6000 sequencing: GSM7500381: hbca_c72,P53,replicate_1,left,3hr_digestion Homo sapiens RNA-Seq	hbca_c72,P53,replicate_1,left,3hr_digestion
SRR24975560	SRX20732897	SAMN35813616	GSM7500379	GSM7500379	RNA-Seq	Illumina NovaSeq 6000	ILLUMINA	198468723	18060653793	Illumina NovaSeq 6000 sequencing: GSM7500379: hbca_c70,P52,replicate_1,left,3hr_digestion Homo sapiens RNA-Seq	hbca_c70,P52,replicate_1,left,3hr_digestion
SRR24975563	SRX20732896	SAMN35813617	GSM7500378	GSM7500378	RNA-Seq	Illumina NovaSeq 6000	ILLUMINA	227204712	20675628792	Illumina NovaSeq 6000 sequencing: GSM7500378: hbca_c68,P51,replicate_2,right,3hr_digestion Homo sapiens RNA-Seq	hbca_c68,P51,replicate_2,right,3hr_digestion
SRR24975566	SRX20732894	SAMN35813619	GSM7500376	GSM7500376	RNA-Seq	Illumina NovaSeq 6000	ILLUMINA	241718159	21996352469	Illumina NovaSeq 6000 sequencing: GSM7500376: hbca_c66,P51,replicate_2,left,3hr_digestion Homo sapiens RNA-Seq	hbca_c66,P51,replicate_2,left,3hr_digestion
SRR24975574	SRX20732892	SAMN35813470	GSM7500525	GSM7500525	RNA-Seq	Illumina NovaSeq 6000	ILLUMINA	123495155	11238059105	Illumina NovaSeq 6000 sequencing: GSM7500525: hbca_c162,P121,replicate_1,contra,3hr_digestion Homo sapiens RNA-Seq	hbca_c162,P121,replicate_1,contra,3hr_digestion
SRR24975576	SRX20732892	SAMN35813470	GSM7500525	GSM7500525	RNA-Seq	Illumina NovaSeq 6000	ILLUMINA	79071682	7195523062	Illumina NovaSeq 6000 sequencing: GSM7500525: hbca_c162,P121,replicate_1,contra,3hr_digestion Homo sapiens RNA-Seq	hbca_c162,P121,replicate_1,contra,3hr_digestion
SRR24975579	SRX20732900	SAMN35813620	GSM7500375	GSM7500375	RNA-Seq	Illumina NovaSeq 6000	ILLUMINA	212949480	19378402680	Illumina NovaSeq 6000 sequencing: GSM7500375: hbca_c67,P51,replicate_1,left,3hr_digestion Homo sapiens RNA-Seq	hbca_c67,P51,replicate_1,left,3hr_digestion
SRR24975581	SRX20732891	SAMN35813533	GSM7500462	GSM7500462	RNA-Seq	Illumina NovaSeq 6000	ILLUMINA	109719834	9984504894	Illumina NovaSeq 6000 sequencing: GSM7500462: hbca_c153,P112,replicate_1,left,3hr_digestion Homo sapiens RNA-Seq	hbca_c153,P112,replicate_1,left,3hr_digestion
SRR24975583	SRX20732891	SAMN35813533	GSM7500462	GSM7500462	RNA-Seq	Illumina NovaSeq 6000	ILLUMINA	109563393	9970268763	Illumina NovaSeq 6000 sequencing: GSM7500462: hbca_c153,P112,replicate_1,left,3hr_digestion Homo sapiens RNA-Seq	hbca_c153,P112,replicate_1,left,3hr_digestion
SRR24975584	SRX20733034	SAMN35813471	GSM7500524	GSM7500524	RNA-Seq	Illumina NovaSeq 6000	ILLUMINA	119109212	10838938292	Illumina NovaSeq 6000 sequencing: GSM7500524: hbca_c156,P115,replicate_1,contra,3hr_digestion Homo sapiens RNA-Seq	hbca_c156,P115,replicate_1,contra,3hr_digestion
SRR24975590	SRX20733034	SAMN35813471	GSM7500524	GSM7500524	RNA-Seq	Illumina NovaSeq 6000	ILLUMINA	115465578	10507367598	Illumina NovaSeq 6000 sequencing: GSM7500524: hbca_c156,P115,replicate_1,contra,3hr_digestion Homo sapiens RNA-Seq	hbca_c156,P115,replicate_1,contra,3hr_digestion
SRR24975593	SRX20732890	SAMN35813538	GSM7500457	GSM7500457	RNA-Seq	Illumina NovaSeq 6000	ILLUMINA	107207019	9755838729	Illumina NovaSeq 6000 sequencing: GSM7500457: hbca_c148,P107,replicate_1,right,3hr_digestion Homo sapiens RNA-Seq	hbca_c148,P107,replicate_1,right,3hr_digestion
SRR24975595	SRX20732890	SAMN35813538	GSM7500457	GSM7500457	RNA-Seq	Illumina NovaSeq 6000	ILLUMINA	106994813	9736527983	Illumina NovaSeq 6000 sequencing: GSM7500457: hbca_c148,P107,replicate_1,right,3hr_digestion Homo sapiens RNA-Seq	hbca_c148,P107,replicate_1,right,3hr_digestion
SRR24975598	SRX20732889	SAMN35813534	GSM7500461	GSM7500461	RNA-Seq	Illumina NovaSeq 6000	ILLUMINA	102512524	9328639684	Illumina NovaSeq 6000 sequencing: GSM7500461: hbca_c152,P111,replicate_1,left,3hr_digestion Homo sapiens RNA-Seq	hbca_c152,P111,replicate_1,left,3hr_digestion
SRR24975603	SRX20732888	SAMN35813535	GSM7500460	GSM7500460	RNA-Seq	Illumina NovaSeq 6000	ILLUMINA	103733198	9439721018	Illumina NovaSeq 6000 sequencing: GSM7500460: hbca_c151,P110,replicate_1,left,3hr_digestion Homo sapiens RNA-Seq	hbca_c151,P110,replicate_1,left,3hr_digestion
SRR24975606	SRX20732887	SAMN35813536	GSM7500459	GSM7500459	RNA-Seq	Illumina NovaSeq 6000	ILLUMINA	95175209	8660944019	Illumina NovaSeq 6000 sequencing: GSM7500459: hbca_c150,P109,replicate_1,right,4hr_digestion Homo sapiens RNA-Seq	hbca_c150,P109,replicate_1,right,4hr_digestion
SRR24975608	SRX20732886	SAMN35813537	GSM7500458	GSM7500458	RNA-Seq	Illumina NovaSeq 6000	ILLUMINA	106928271	9730472661	Illumina NovaSeq 6000 sequencing: GSM7500458: hbca_c149,P108,replicate_1,right,3hr_digestion Homo sapiens RNA-Seq	hbca_c149,P108,replicate_1,right,3hr_digestion
SRR24975613	SRX20732885	SAMN35813542	GSM7500453	GSM7500453	RNA-Seq	Illumina NovaSeq 6000	ILLUMINA	106501235	9691612385	Illumina NovaSeq 6000 sequencing: GSM7500453: hbca_c144,P103,replicate_1,right,3hr_digestion Homo sapiens RNA-Seq	hbca_c144,P103,replicate_1,right,3hr_digestion
SRR24975618	SRX20732884	SAMN35813539	GSM7500456	GSM7500456	RNA-Seq	Illumina NovaSeq 6000	ILLUMINA	112461007	10233951637	Illumina NovaSeq 6000 sequencing: GSM7500456: hbca_c147,P106,replicate_1,right,3hr_digestion Homo sapiens RNA-Seq	hbca_c147,P106,replicate_1,right,3hr_digestion
SRR24975622	SRX20732883	SAMN35813540	GSM7500455	GSM7500455	RNA-Seq	Illumina NovaSeq 6000	ILLUMINA	106934904	9731076264	Illumina NovaSeq 6000 sequencing: GSM7500455: hbca_c146,P105,replicate_1,left,3hr_digestion Homo sapiens RNA-Seq	hbca_c146,P105,replicate_1,left,3hr_digestion
SRR24975626	SRX20732996	SAMN35813541	GSM7500454	GSM7500454	RNA-Seq	Illumina NovaSeq 6000	ILLUMINA	100541785	9149302435	Illumina NovaSeq 6000 sequencing: GSM7500454: hbca_c145,P104,replicate_1,right,2hr_digstion Homo sapiens RNA-Seq	hbca_c145,P104,replicate_1,right,2hr_digstion
SRR24975630	SRX20732881	SAMN35813623	GSM7500372	GSM7500372	RNA-Seq	Illumina NovaSeq 6000	ILLUMINA	192352198	17504050018	Illumina NovaSeq 6000 sequencing: GSM7500372: hbca_c63,P50,replicate_2,left,3hr_digestion Homo sapiens RNA-Seq	hbca_c63,P50,replicate_2,left,3hr_digestion
SRR24975635	SRX20732878	SAMN35813626	GSM7500369	GSM7500369	RNA-Seq	Illumina NovaSeq 6000	ILLUMINA	189842664	17275682424	Illumina NovaSeq 6000 sequencing: GSM7500369: hbca_c61,P49,replicate_1,right,4hr_digestion Homo sapiens RNA-Seq	hbca_c61,P49,replicate_1,right,4hr_digestion
SRR24975638	SRX20732877	SAMN35813627	GSM7500368	GSM7500368	RNA-Seq	Illumina NovaSeq 6000	ILLUMINA	203683933	18535237903	Illumina NovaSeq 6000 sequencing: GSM7500368: hbca_c60,P49,replicate_1,left,4hr_digestion Homo sapiens RNA-Seq	hbca_c60,P49,replicate_1,left,4hr_digestion
SRR24975642	SRX20732874	SAMN35813635	GSM7500360	GSM7500360	RNA-Seq	Illumina NovaSeq 6000	ILLUMINA	234533715	21342568065	Illumina NovaSeq 6000 sequencing: GSM7500360: hbca_c51,P44,replicate_1,right,overnight_digestion Homo sapiens RNA-Seq	hbca_c51,P44,replicate_1,right,overnight_digestion
SRR24975643	SRX20732875	SAMN35813636	GSM7500359	GSM7500359	RNA-Seq	Illumina NovaSeq 6000	ILLUMINA	219816404	20003292764	Illumina NovaSeq 6000 sequencing: GSM7500359: hbca_c50,P44,replicate_1,left,overnight_digestion Homo sapiens RNA-Seq	hbca_c50,P44,replicate_1,left,overnight_digestion
SRR24975654	SRX20732868	SAMN35813629	GSM7500366	GSM7500366	RNA-Seq	Illumina NovaSeq 6000	ILLUMINA	183928382	16737482762	Illumina NovaSeq 6000 sequencing: GSM7500366: hbca_c57,P48,replicate_1,left,2hr_digstion Homo sapiens RNA-Seq	hbca_c57,P48,replicate_1,left,2hr_digstion
SRR24975660	SRX20733031	SAMN35813472	GSM7500523	GSM7500523	RNA-Seq	Illumina NovaSeq 6000	ILLUMINA	42772006	3892252546	Illumina NovaSeq 6000 sequencing: GSM7500523: hbca_c160,P119,replicate_1,contra,3hr_digestion Homo sapiens RNA-Seq	hbca_c160,P119,replicate_1,contra,3hr_digestion
SRR24975661	SRX20733032	SAMN35813474	GSM7500521	GSM7500521	RNA-Seq	Illumina NovaSeq 6000	ILLUMINA	28714983	2613063453	Illumina NovaSeq 6000 sequencing: GSM7500521: hbca_c167,P126,replicate_1,contra,3hr_digestion Homo sapiens RNA-Seq	hbca_c167,P126,replicate_1,contra,3hr_digestion
SRR24975663	SRX20733031	SAMN35813472	GSM7500523	GSM7500523	RNA-Seq	Illumina NovaSeq 6000	ILLUMINA	28251452	2570882132	Illumina NovaSeq 6000 sequencing: GSM7500523: hbca_c160,P119,replicate_1,contra,3hr_digestion Homo sapiens RNA-Seq	hbca_c160,P119,replicate_1,contra,3hr_digestion
SRR24975669	SRX20733030	SAMN35813473	GSM7500522	GSM7500522	RNA-Seq	Illumina NovaSeq 6000	ILLUMINA	54660910	4974142810	Illumina NovaSeq 6000 sequencing: GSM7500522: hbca_c157,P116,replicate_1,contra,3hr_digestion Homo sapiens RNA-Seq	hbca_c157,P116,replicate_1,contra,3hr_digestion
SRR24975672	SRX20733030	SAMN35813473	GSM7500522	GSM7500522	RNA-Seq	Illumina NovaSeq 6000	ILLUMINA	30722460	2795743860	Illumina NovaSeq 6000 sequencing: GSM7500522: hbca_c157,P116,replicate_1,contra,3hr_digestion Homo sapiens RNA-Seq	hbca_c157,P116,replicate_1,contra,3hr_digestion
SRR24975673	SRX20733030	SAMN35813473	GSM7500522	GSM7500522	RNA-Seq	Illumina NovaSeq 6000	ILLUMINA	33873093	3082451463	Illumina NovaSeq 6000 sequencing: GSM7500522: hbca_c157,P116,replicate_1,contra,3hr_digestion Homo sapiens RNA-Seq	hbca_c157,P116,replicate_1,contra,3hr_digestion
SRR24975679	SRX20733029	SAMN35813476	GSM7500519	GSM7500519	RNA-Seq	Illumina NovaSeq 6000	ILLUMINA	145514585	11333700511	Illumina NovaSeq 6000 sequencing: GSM7500519: hbca_c161,P120,replicate_1,contra,3hr_digestion Homo sapiens RNA-Seq	hbca_c161,P120,replicate_1,contra,3hr_digestion
SRR24975683	SRX20733028	SAMN35813478	GSM7500517	GSM7500517	RNA-Seq	Illumina NovaSeq 6000	ILLUMINA	103714797	9438046527	Illumina NovaSeq 6000 sequencing: GSM7500517: hbca_c159,P118,replicate_1,contra,3hr_digestion Homo sapiens RNA-Seq	hbca_c159,P118,replicate_1,contra,3hr_digestion
SRR24975685	SRX20733032	SAMN35813474	GSM7500521	GSM7500521	RNA-Seq	Illumina NovaSeq 6000	ILLUMINA	77137229	7019487839	Illumina NovaSeq 6000 sequencing: GSM7500521: hbca_c167,P126,replicate_1,contra,3hr_digestion Homo sapiens RNA-Seq	hbca_c167,P126,replicate_1,contra,3hr_digestion
SRR24975689	SRX20733027	SAMN35813475	GSM7500520	GSM7500520	RNA-Seq	Illumina NovaSeq 6000	ILLUMINA	77848265	7084192115	Illumina NovaSeq 6000 sequencing: GSM7500520: hbca_c164,P123,replicate_1,contra,3hr_digestion Homo sapiens RNA-Seq	hbca_c164,P123,replicate_1,contra,3hr_digestion
SRR24975691	SRX20733027	SAMN35813475	GSM7500520	GSM7500520	RNA-Seq	Illumina NovaSeq 6000	ILLUMINA	56187596	5113071236	Illumina NovaSeq 6000 sequencing: GSM7500520: hbca_c164,P123,replicate_1,contra,3hr_digestion Homo sapiens RNA-Seq	hbca_c164,P123,replicate_1,contra,3hr_digestion
SRR24975694	SRX20733027	SAMN35813475	GSM7500520	GSM7500520	RNA-Seq	Illumina NovaSeq 6000	ILLUMINA	16484197	1500061927	Illumina NovaSeq 6000 sequencing: GSM7500520: hbca_c164,P123,replicate_1,contra,3hr_digestion Homo sapiens RNA-Seq	hbca_c164,P123,replicate_1,contra,3hr_digestion
SRR24975696	SRX20733027	SAMN35813475	GSM7500520	GSM7500520	RNA-Seq	Illumina NovaSeq 6000	ILLUMINA	24710616	2248666056	Illumina NovaSeq 6000 sequencing: GSM7500520: hbca_c164,P123,replicate_1,contra,3hr_digestion Homo sapiens RNA-Seq	hbca_c164,P123,replicate_1,contra,3hr_digestion
SRR24975699	SRX20733027	SAMN35813475	GSM7500520	GSM7500520	RNA-Seq	Illumina NovaSeq 6000	ILLUMINA	15241778	1387001798	Illumina NovaSeq 6000 sequencing: GSM7500520: hbca_c164,P123,replicate_1,contra,3hr_digestion Homo sapiens RNA-Seq	hbca_c164,P123,replicate_1,contra,3hr_digestion
SRR24975701	SRX20733029	SAMN35813476	GSM7500519	GSM7500519	RNA-Seq	Illumina NovaSeq 6000	ILLUMINA	27103516	2466419956	Illumina NovaSeq 6000 sequencing: GSM7500519: hbca_c161,P120,replicate_1,contra,3hr_digestion Homo sapiens RNA-Seq	hbca_c161,P120,replicate_1,contra,3hr_digestion
SRR24975703	SRX20733029	SAMN35813476	GSM7500519	GSM7500519	RNA-Seq	Illumina NovaSeq 6000	ILLUMINA	12263434	1115972494	Illumina NovaSeq 6000 sequencing: GSM7500519: hbca_c161,P120,replicate_1,contra,3hr_digestion Homo sapiens RNA-Seq	hbca_c161,P120,replicate_1,contra,3hr_digestion
SRR24975704	SRX20733032	SAMN35813474	GSM7500521	GSM7500521	RNA-Seq	Illumina NovaSeq 6000	ILLUMINA	32174772	2927904252	Illumina NovaSeq 6000 sequencing: GSM7500521: hbca_c167,P126,replicate_1,contra,3hr_digestion Homo sapiens RNA-Seq	hbca_c167,P126,replicate_1,contra,3hr_digestion
SRR24975710	SRX20733027	SAMN35813475	GSM7500520	GSM7500520	RNA-Seq	Illumina NovaSeq 6000	ILLUMINA	92021062	8373916642	Illumina NovaSeq 6000 sequencing: GSM7500520: hbca_c164,P123,replicate_1,contra,3hr_digestion Homo sapiens RNA-Seq	hbca_c164,P123,replicate_1,contra,3hr_digestion
SRR24975714	SRX20733025	SAMN35813480	GSM7500515	GSM7500515	RNA-Seq	Illumina NovaSeq 6000	ILLUMINA	106967785	9734068435	Illumina NovaSeq 6000 sequencing: GSM7500515: hbca_c158,P117,replicate_1,contra,3hr_digestion Homo sapiens RNA-Seq	hbca_c158,P117,replicate_1,contra,3hr_digestion
SRR24975716	SRX20733025	SAMN35813480	GSM7500515	GSM7500515	RNA-Seq	Illumina NovaSeq 6000	ILLUMINA	109853327	9996652757	Illumina NovaSeq 6000 sequencing: GSM7500515: hbca_c158,P117,replicate_1,contra,3hr_digestion Homo sapiens RNA-Seq	hbca_c158,P117,replicate_1,contra,3hr_digestion
SRR24975717	SRX20733024	SAMN35813481	GSM7500514	GSM7500514	RNA-Seq	Illumina NovaSeq 6000	ILLUMINA	21038724	1914523884	Illumina NovaSeq 6000 sequencing: GSM7500514: hbca_c166,P125,replicate_1,contra,3hr_digestion Homo sapiens RNA-Seq	hbca_c166,P125,replicate_1,contra,3hr_digestion
SRR24975720	SRX20733024	SAMN35813481	GSM7500514	GSM7500514	RNA-Seq	Illumina NovaSeq 6000	ILLUMINA	19788963	1800795633	Illumina NovaSeq 6000 sequencing: GSM7500514: hbca_c166,P125,replicate_1,contra,3hr_digestion Homo sapiens RNA-Seq	hbca_c166,P125,replicate_1,contra,3hr_digestion
SRR24975724	SRX20733024	SAMN35813481	GSM7500514	GSM7500514	RNA-Seq	Illumina NovaSeq 6000	ILLUMINA	20863139	1898545649	Illumina NovaSeq 6000 sequencing: GSM7500514: hbca_c166,P125,replicate_1,contra,3hr_digestion Homo sapiens RNA-Seq	hbca_c166,P125,replicate_1,contra,3hr_digestion
SRR24975725	SRX20733024	SAMN35813481	GSM7500514	GSM7500514	RNA-Seq	Illumina NovaSeq 6000	ILLUMINA	20927795	1904429345	Illumina NovaSeq 6000 sequencing: GSM7500514: hbca_c166,P125,replicate_1,contra,3hr_digestion Homo sapiens RNA-Seq	hbca_c166,P125,replicate_1,contra,3hr_digestion
SRR24975727	SRX20733024	SAMN35813481	GSM7500514	GSM7500514	RNA-Seq	Illumina NovaSeq 6000	ILLUMINA	28940570	2633591870	Illumina NovaSeq 6000 sequencing: GSM7500514: hbca_c166,P125,replicate_1,contra,3hr_digestion Homo sapiens RNA-Seq	hbca_c166,P125,replicate_1,contra,3hr_digestion
SRR24975730	SRX20733023	SAMN35813482	GSM7500513	GSM7500513	RNA-Seq	Illumina NovaSeq 6000	ILLUMINA	114885412	10454572492	Illumina NovaSeq 6000 sequencing: GSM7500513: hbca_c154,P113,replicate_1,contra,3hr_digestion Homo sapiens RNA-Seq	hbca_c154,P113,replicate_1,contra,3hr_digestion
SRR24975731	SRX20733023	SAMN35813482	GSM7500513	GSM7500513	RNA-Seq	Illumina NovaSeq 6000	ILLUMINA	107864541	9815673231	Illumina NovaSeq 6000 sequencing: GSM7500513: hbca_c154,P113,replicate_1,contra,3hr_digestion Homo sapiens RNA-Seq	hbca_c154,P113,replicate_1,contra,3hr_digestion
SRR24975735	SRX20733022	SAMN35813483	GSM7500512	GSM7500512	RNA-Seq	Illumina NovaSeq 6000	ILLUMINA	215933236	19649924476	Illumina NovaSeq 6000 sequencing: GSM7500512: hbca_c165,P124,replicate_1,contra,3hr_digestion Homo sapiens RNA-Seq	hbca_c165,P124,replicate_1,contra,3hr_digestion
SRR24975736	SRX20733022	SAMN35813483	GSM7500512	GSM7500512	RNA-Seq	Illumina NovaSeq 6000	ILLUMINA	162648549	14801017959	Illumina NovaSeq 6000 sequencing: GSM7500512: hbca_c165,P124,replicate_1,contra,3hr_digestion Homo sapiens RNA-Seq	hbca_c165,P124,replicate_1,contra,3hr_digestion
SRR24975738	SRX20733021	SAMN35813484	GSM7500511	GSM7500511	RNA-Seq	Illumina HiSeq 4000	ILLUMINA	83753582	8207851036	Illumina HiSeq 4000 sequencing: GSM7500511: hbca_c19,P15,replicate_1,both,overnight_digestion Homo sapiens RNA-Seq	hbca_c19,P15,replicate_1,both,overnight_digestion
SRR24975743	SRX20733020	SAMN35813489	GSM7500506	GSM7500506	RNA-Seq	Illumina HiSeq 4000	ILLUMINA	99371533	9738410234	Illumina HiSeq 4000 sequencing: GSM7500506: hbca_c14,P12,replicate_1,both,overnight_digestion Homo sapiens RNA-Seq	hbca_c14,P12,replicate_1,both,overnight_digestion
SRR24975747	SRX20733017	SAMN35813487	GSM7500508	GSM7500508	RNA-Seq	Illumina HiSeq 4000	ILLUMINA	34362861	3367560378	Illumina HiSeq 4000 sequencing: GSM7500508: hbca_c22,P18,replicate_1,both,overnight_digestion Homo sapiens RNA-Seq	hbca_c22,P18,replicate_1,both,overnight_digestion
SRR24975748	SRX20733017	SAMN35813487	GSM7500508	GSM7500508	RNA-Seq	Illumina HiSeq 4000	ILLUMINA	23513096	2304283408	Illumina HiSeq 4000 sequencing: GSM7500508: hbca_c22,P18,replicate_1,both,overnight_digestion Homo sapiens RNA-Seq	hbca_c22,P18,replicate_1,both,overnight_digestion
SRR24975752	SRX20733019	SAMN35813485	GSM7500510	GSM7500510	RNA-Seq	Illumina HiSeq 4000	ILLUMINA	99888718	9789094364	Illumina HiSeq 4000 sequencing: GSM7500510: hbca_c24,P19,replicate_1,both,overnight_digestion Homo sapiens RNA-Seq	hbca_c24,P19,replicate_1,both,overnight_digestion
SRR24975757	SRX20733018	SAMN35813486	GSM7500509	GSM7500509	RNA-Seq	Illumina HiSeq 4000	ILLUMINA	13910516	1363230568	Illumina HiSeq 4000 sequencing: GSM7500509: hbca_c23,P18,replicate_2,both,overnight_digestion Homo sapiens RNA-Seq	hbca_c23,P18,replicate_2,both,overnight_digestion
SRR24975759	SRX20733018	SAMN35813486	GSM7500509	GSM7500509	RNA-Seq	Illumina HiSeq 4000	ILLUMINA	30928728	3031015344	Illumina HiSeq 4000 sequencing: GSM7500509: hbca_c23,P18,replicate_2,both,overnight_digestion Homo sapiens RNA-Seq	hbca_c23,P18,replicate_2,both,overnight_digestion
SRR24975761	SRX20733018	SAMN35813486	GSM7500509	GSM7500509	RNA-Seq	Illumina HiSeq 4000	ILLUMINA	34115030	3343272940	Illumina HiSeq 4000 sequencing: GSM7500509: hbca_c23,P18,replicate_2,both,overnight_digestion Homo sapiens RNA-Seq	hbca_c23,P18,replicate_2,both,overnight_digestion
SRR24975765	SRX20733018	SAMN35813486	GSM7500509	GSM7500509	RNA-Seq	Illumina HiSeq 4000	ILLUMINA	43807668	4293151464	Illumina HiSeq 4000 sequencing: GSM7500509: hbca_c23,P18,replicate_2,both,overnight_digestion Homo sapiens RNA-Seq	hbca_c23,P18,replicate_2,both,overnight_digestion
SRR24975769	SRX20733017	SAMN35813487	GSM7500508	GSM7500508	RNA-Seq	Illumina HiSeq 4000	ILLUMINA	32097250	3145530500	Illumina HiSeq 4000 sequencing: GSM7500508: hbca_c22,P18,replicate_1,both,overnight_digestion Homo sapiens RNA-Seq	hbca_c22,P18,replicate_1,both,overnight_digestion
SRR24975772	SRX20733015	SAMN35813491	GSM7500504	GSM7500504	RNA-Seq	Illumina HiSeq 4000	ILLUMINA	47614664	4666237072	Illumina HiSeq 4000 sequencing: GSM7500504: hbca_c21,P17,replicate_1,both,overnight_digestion Homo sapiens RNA-Seq	hbca_c21,P17,replicate_1,both,overnight_digestion
SRR24975775	SRX20733011	SAMN35813493	GSM7500502	GSM7500502	RNA-Seq	Illumina HiSeq 4000	ILLUMINA	91630841	8979822418	Illumina HiSeq 4000 sequencing: GSM7500502: hbca_c16,P13,replicate_1,both,overnight_digestion Homo sapiens RNA-Seq	hbca_c16,P13,replicate_1,both,overnight_digestion
SRR24975777	SRX20733011	SAMN35813493	GSM7500502	GSM7500502	RNA-Seq	Illumina HiSeq 4000	ILLUMINA	14366735	1407940030	Illumina HiSeq 4000 sequencing: GSM7500502: hbca_c16,P13,replicate_1,both,overnight_digestion Homo sapiens RNA-Seq	hbca_c16,P13,replicate_1,both,overnight_digestion
SRR24975778	SRX20733011	SAMN35813493	GSM7500502	GSM7500502	RNA-Seq	Illumina HiSeq 4000	ILLUMINA	20961408	2054217984	Illumina HiSeq 4000 sequencing: GSM7500502: hbca_c16,P13,replicate_1,both,overnight_digestion Homo sapiens RNA-Seq	hbca_c16,P13,replicate_1,both,overnight_digestion
SRR24975780	SRX20733016	SAMN35813488	GSM7500507	GSM7500507	RNA-Seq	Illumina HiSeq 4000	ILLUMINA	109532520	10734186960	Illumina HiSeq 4000 sequencing: GSM7500507: hbca_c15,P12,replicate_2,both,overnight_digestion Homo sapiens RNA-Seq	hbca_c15,P12,replicate_2,both,overnight_digestion
SRR24975783	SRX20733018	SAMN35813486	GSM7500509	GSM7500509	RNA-Seq	Illumina HiSeq 4000	ILLUMINA	33832481	3315583138	Illumina HiSeq 4000 sequencing: GSM7500509: hbca_c23,P18,replicate_2,both,overnight_digestion Homo sapiens RNA-Seq	hbca_c23,P18,replicate_2,both,overnight_digestion
SRR24975790	SRX20733017	SAMN35813487	GSM7500508	GSM7500508	RNA-Seq	Illumina HiSeq 4000	ILLUMINA	27785824	2723010752	Illumina HiSeq 4000 sequencing: GSM7500508: hbca_c22,P18,replicate_1,both,overnight_digestion Homo sapiens RNA-Seq	hbca_c22,P18,replicate_1,both,overnight_digestion
SRR24975794	SRX20733017	SAMN35813487	GSM7500508	GSM7500508	RNA-Seq	Illumina HiSeq 4000	ILLUMINA	30077758	2947620284	Illumina HiSeq 4000 sequencing: GSM7500508: hbca_c22,P18,replicate_1,both,overnight_digestion Homo sapiens RNA-Seq	hbca_c22,P18,replicate_1,both,overnight_digestion
SRR24975796	SRX20733020	SAMN35813489	GSM7500506	GSM7500506	RNA-Seq	Illumina HiSeq 4000	ILLUMINA	21381696	2095406208	Illumina HiSeq 4000 sequencing: GSM7500506: hbca_c14,P12,replicate_1,both,overnight_digestion Homo sapiens RNA-Seq	hbca_c14,P12,replicate_1,both,overnight_digestion
SRR24975797	SRX20733020	SAMN35813489	GSM7500506	GSM7500506	RNA-Seq	Illumina HiSeq 4000	ILLUMINA	51711795	5067755910	Illumina HiSeq 4000 sequencing: GSM7500506: hbca_c14,P12,replicate_1,both,overnight_digestion Homo sapiens RNA-Seq	hbca_c14,P12,replicate_1,both,overnight_digestion
SRR24975798	SRX20733014	SAMN35813490	GSM7500505	GSM7500505	RNA-Seq	Illumina HiSeq 4000	ILLUMINA	83412262	8174401676	Illumina HiSeq 4000 sequencing: GSM7500505: hbca_c20,P16,replicate_1,both,overnight_digestion Homo sapiens RNA-Seq	hbca_c20,P16,replicate_1,both,overnight_digestion
SRR24975800	SRX20733014	SAMN35813490	GSM7500505	GSM7500505	RNA-Seq	Illumina HiSeq 4000	ILLUMINA	45249686	4434469228	Illumina HiSeq 4000 sequencing: GSM7500505: hbca_c20,P16,replicate_1,both,overnight_digestion Homo sapiens RNA-Seq	hbca_c20,P16,replicate_1,both,overnight_digestion
SRR24975803	SRX20733014	SAMN35813490	GSM7500505	GSM7500505	RNA-Seq	Illumina HiSeq 4000	ILLUMINA	36453486	3572441628	Illumina HiSeq 4000 sequencing: GSM7500505: hbca_c20,P16,replicate_1,both,overnight_digestion Homo sapiens RNA-Seq	hbca_c20,P16,replicate_1,both,overnight_digestion
SRR24975804	SRX20733014	SAMN35813490	GSM7500505	GSM7500505	RNA-Seq	Illumina HiSeq 4000	ILLUMINA	98863054	9688579292	Illumina HiSeq 4000 sequencing: GSM7500505: hbca_c20,P16,replicate_1,both,overnight_digestion Homo sapiens RNA-Seq	hbca_c20,P16,replicate_1,both,overnight_digestion
SRR24975806	SRX20733013	SAMN35813494	GSM7500501	GSM7500501	RNA-Seq	Illumina HiSeq 4000	ILLUMINA	77609701	7605750698	Illumina HiSeq 4000 sequencing: GSM7500501: hbca_c18,P14,replicate_1,both,overnight_digestion Homo sapiens RNA-Seq	hbca_c18,P14,replicate_1,both,overnight_digestion
SRR24975807	SRX20733013	SAMN35813494	GSM7500501	GSM7500501	RNA-Seq	Illumina HiSeq 4000	ILLUMINA	85189884	8348608632	Illumina HiSeq 4000 sequencing: GSM7500501: hbca_c18,P14,replicate_1,both,overnight_digestion Homo sapiens RNA-Seq	hbca_c18,P14,replicate_1,both,overnight_digestion
SRR24975812	SRX20733015	SAMN35813491	GSM7500504	GSM7500504	RNA-Seq	Illumina HiSeq 4000	ILLUMINA	35062504	3436125392	Illumina HiSeq 4000 sequencing: GSM7500504: hbca_c21,P17,replicate_1,both,overnight_digestion Homo sapiens RNA-Seq	hbca_c21,P17,replicate_1,both,overnight_digestion
SRR24975814	SRX20733015	SAMN35813491	GSM7500504	GSM7500504	RNA-Seq	Illumina HiSeq 4000	ILLUMINA	25118181	2461581738	Illumina HiSeq 4000 sequencing: GSM7500504: hbca_c21,P17,replicate_1,both,overnight_digestion Homo sapiens RNA-Seq	hbca_c21,P17,replicate_1,both,overnight_digestion
SRR24975816	SRX20733015	SAMN35813491	GSM7500504	GSM7500504	RNA-Seq	Illumina HiSeq 4000	ILLUMINA	20395353	1998744594	Illumina HiSeq 4000 sequencing: GSM7500504: hbca_c21,P17,replicate_1,both,overnight_digestion Homo sapiens RNA-Seq	hbca_c21,P17,replicate_1,both,overnight_digestion
SRR24975821	SRX20733012	SAMN35813492	GSM7500503	GSM7500503	RNA-Seq	Illumina HiSeq 4000	ILLUMINA	15979352	1565976496	Illumina HiSeq 4000 sequencing: GSM7500503: hbca_c17,P13,replicate_2,both,overnight_digestion Homo sapiens RNA-Seq	hbca_c17,P13,replicate_2,both,overnight_digestion
SRR24975822	SRX20733012	SAMN35813492	GSM7500503	GSM7500503	RNA-Seq	Illumina HiSeq 4000	ILLUMINA	15280014	1497441372	Illumina HiSeq 4000 sequencing: GSM7500503: hbca_c17,P13,replicate_2,both,overnight_digestion Homo sapiens RNA-Seq	hbca_c17,P13,replicate_2,both,overnight_digestion
SRR24975823	SRX20733012	SAMN35813492	GSM7500503	GSM7500503	RNA-Seq	Illumina HiSeq 4000	ILLUMINA	20819739	2040334422	Illumina HiSeq 4000 sequencing: GSM7500503: hbca_c17,P13,replicate_2,both,overnight_digestion Homo sapiens RNA-Seq	hbca_c17,P13,replicate_2,both,overnight_digestion
SRR24988772	SRX20677095	SAMN35724366	GSM7475115	GSM7475115	RNA-Seq	Illumina NovaSeq 6000	ILLUMINA	184077153	6994931814	Illumina NovaSeq 6000 sequencing: GSM7475115: P47, replicate_1, left, frozen tissue OCT, visium Homo sapiens RNA-Seq	P47, replicate_1, left, frozen tissue OCT, visium
SRR24908615	SRX20670091	SAMN35724694	GSM7475159	GSM7475159	RNA-Seq	Illumina NovaSeq 6000	ILLUMINA	159049181	14473475471	Illumina NovaSeq 6000 sequencing: GSM7475159: hbca_n15,P24,replicate_1,right,nuclei Homo sapiens RNA-Seq	hbca_n15,P24,replicate_1,right,nuclei
SRR24908616	SRX20670091	SAMN35724694	GSM7475159	GSM7475159	RNA-Seq	Illumina NovaSeq 6000	ILLUMINA	162030472	14744772952	Illumina NovaSeq 6000 sequencing: GSM7475159: hbca_n15,P24,replicate_1,right,nuclei Homo sapiens RNA-Seq	hbca_n15,P24,replicate_1,right,nuclei
SRR24908619	SRX20670089	SAMN35724696	GSM7475157	GSM7475157	RNA-Seq	Illumina NovaSeq 6000	ILLUMINA	189205705	17217719155	Illumina NovaSeq 6000 sequencing: GSM7475157: hbca_n13,P22,replicate_1,contra,nuclei Homo sapiens RNA-Seq	hbca_n13,P22,replicate_1,contra,nuclei
SRR24908620	SRX20670089	SAMN35724696	GSM7475157	GSM7475157	RNA-Seq	Illumina NovaSeq 6000	ILLUMINA	190416719	17327921429	Illumina NovaSeq 6000 sequencing: GSM7475157: hbca_n13,P22,replicate_1,contra,nuclei Homo sapiens RNA-Seq	hbca_n13,P22,replicate_1,contra,nuclei
SRR24908621	SRX20670088	SAMN35724697	GSM7475156	GSM7475156	RNA-Seq	Illumina NovaSeq 6000	ILLUMINA	136814092	12450082372	Illumina NovaSeq 6000 sequencing: GSM7475156: hbca_n12,P135,replicate_1,rm,nuclei Homo sapiens RNA-Seq	hbca_n12,P135,replicate_1,rm,nuclei
SRR24908622	SRX20670088	SAMN35724697	GSM7475156	GSM7475156	RNA-Seq	Illumina NovaSeq 6000	ILLUMINA	137471906	12509943446	Illumina NovaSeq 6000 sequencing: GSM7475156: hbca_n12,P135,replicate_1,rm,nuclei Homo sapiens RNA-Seq	hbca_n12,P135,replicate_1,rm,nuclei
SRR24908624	SRX20670087	SAMN35724698	GSM7475155	GSM7475155	RNA-Seq	Illumina NovaSeq 6000	ILLUMINA	173748424	15463609736	Illumina NovaSeq 6000 sequencing: GSM7475155: hbca_n11,P20,replicate_1,rm,nuclei Homo sapiens RNA-Seq	hbca_n11,P20,replicate_1,rm,nuclei
SRR24908626	SRX20670086	SAMN35724704	GSM7475149	GSM7475149	RNA-Seq	Illumina NovaSeq 6000	ILLUMINA	186684573	16614926997	Illumina NovaSeq 6000 sequencing: GSM7475149: hbca_n05,P133,replicate_1,contra,nuclei Homo sapiens RNA-Seq	hbca_n05,P133,replicate_1,contra,nuclei
SRR24908632	SRX20670084	SAMN35724700	GSM7475153	GSM7475153	RNA-Seq	Illumina HiSeq 4000	ILLUMINA	26395068	2586716664	Illumina HiSeq 4000 sequencing: GSM7475153: hbca_n09,P18,replicate_1,left and right breast,nuclei Homo sapiens RNA-Seq	hbca_n09,P18,replicate_1,left and right breast,nuclei
SRR24908633	SRX20670084	SAMN35724700	GSM7475153	GSM7475153	RNA-Seq	Illumina HiSeq 4000	ILLUMINA	21653706	2122063188	Illumina HiSeq 4000 sequencing: GSM7475153: hbca_n09,P18,replicate_1,left and right breast,nuclei Homo sapiens RNA-Seq	hbca_n09,P18,replicate_1,left and right breast,nuclei
SRR24908642	SRX20670082	SAMN35724702	GSM7475151	GSM7475151	RNA-Seq	Illumina HiSeq 4000	ILLUMINA	14196415	1391248670	Illumina HiSeq 4000 sequencing: GSM7475151: hbca_n07,P12,replicate_1,left and right breast,nuclei Homo sapiens RNA-Seq	hbca_n07,P12,replicate_1,left and right breast,nuclei
SRR24908643	SRX20670081	SAMN35724703	GSM7475150	GSM7475150	RNA-Seq	Illumina HiSeq 4000	ILLUMINA	15473411	1516394278	Illumina HiSeq 4000 sequencing: GSM7475150: hbca_n06,P134,replicate_1,left and right breast,nuclei Homo sapiens RNA-Seq	hbca_n06,P134,replicate_1,left and right breast,nuclei
SRR24908644	SRX20670081	SAMN35724703	GSM7475150	GSM7475150	RNA-Seq	Illumina HiSeq 4000	ILLUMINA	8282205	811656090	Illumina HiSeq 4000 sequencing: GSM7475150: hbca_n06,P134,replicate_1,left and right breast,nuclei Homo sapiens RNA-Seq	hbca_n06,P134,replicate_1,left and right breast,nuclei
SRR24908652	SRX20670076	SAMN35724685	GSM7475168	GSM7475168	RNA-Seq	Illumina NovaSeq 6000	ILLUMINA	192033953	17475089723	Illumina NovaSeq 6000 sequencing: GSM7475168: hbca_n24,P41,replicate_1,right,nuclei Homo sapiens RNA-Seq	hbca_n24,P41,replicate_1,right,nuclei
SRR24908656	SRX20670074	SAMN35724687	GSM7475166	GSM7475166	RNA-Seq	Illumina NovaSeq 6000	ILLUMINA	164514219	14970793929	Illumina NovaSeq 6000 sequencing: GSM7475166: hbca_n22,P40,replicate_1,right,nuclei Homo sapiens RNA-Seq	hbca_n22,P40,replicate_1,right,nuclei
SRR24908659	SRX20670073	SAMN35724688	GSM7475165	GSM7475165	RNA-Seq	Illumina NovaSeq 6000	ILLUMINA	181057466	16476229406	Illumina NovaSeq 6000 sequencing: GSM7475165: hbca_n21,P40,replicate_1,left,nuclei Homo sapiens RNA-Seq	hbca_n21,P40,replicate_1,left,nuclei
SRR24908661	SRX20670072	SAMN35724689	GSM7475164	GSM7475164	RNA-Seq	Illumina NovaSeq 6000	ILLUMINA	204860706	18642324246	Illumina NovaSeq 6000 sequencing: GSM7475164: hbca_n20,P39,replicate_1,right,nuclei Homo sapiens RNA-Seq	hbca_n20,P39,replicate_1,right,nuclei
SRR24908666	SRX20670069	SAMN35724692	GSM7475161	GSM7475161	RNA-Seq	Illumina NovaSeq 6000	ILLUMINA	168710306	15352637846	Illumina NovaSeq 6000 sequencing: GSM7475161: hbca_n17,P38,replicate_1,left,nuclei Homo sapiens RNA-Seq	hbca_n17,P38,replicate_1,left,nuclei
SRR24916189	SRX20677100	SAMN35724361	GSM7475120	GSM7475120	RNA-Seq	Illumina NovaSeq 6000	ILLUMINA	438705200	16670797600	Illumina NovaSeq 6000 sequencing: GSM7475120: P79, replicate_1, left, frozen tissue OCT, visium Homo sapiens RNA-Seq	P79, replicate_1, left, frozen tissue OCT, visium
SRR24916190	SRX20677100	SAMN35724361	GSM7475120	GSM7475120	RNA-Seq	Illumina NovaSeq 6000	ILLUMINA	438705200	43870520000	Illumina NovaSeq 6000 sequencing: GSM7475120: P79, replicate_1, left, frozen tissue OCT, visium Homo sapiens RNA-Seq	P79, replicate_1, left, frozen tissue OCT, visium
SRR24916191	SRX20677099	SAMN35724362	GSM7475119	GSM7475119	RNA-Seq	Illumina NovaSeq 6000	ILLUMINA	404861379	15384732402	Illumina NovaSeq 6000 sequencing: GSM7475119: P85, replicate_1, right, frozen tissue OCT, visium Homo sapiens RNA-Seq	P85, replicate_1, right, frozen tissue OCT, visium
SRR24916198	SRX20677096	SAMN35724365	GSM7475116	GSM7475116	RNA-Seq	Illumina NovaSeq 6000	ILLUMINA	404107425	40410742500	Illumina NovaSeq 6000 sequencing: GSM7475116: P65, replicate_1, right, frozen tissue OCT, visium Homo sapiens RNA-Seq	P65, replicate_1, right, frozen tissue OCT, visium
SRR24916199	SRX20677095	SAMN35724366	GSM7475115	GSM7475115	RNA-Seq	Illumina NovaSeq 6000	ILLUMINA	178889155	21466698600	Illumina NovaSeq 6000 sequencing: GSM7475115: P47, replicate_1, left, frozen tissue OCT, visium Homo sapiens RNA-Seq	P47, replicate_1, left, frozen tissue OCT, visium
SRR24916200	SRX20677095	SAMN35724366	GSM7475115	GSM7475115	RNA-Seq	Illumina NovaSeq 6000	ILLUMINA	362966308	25718921440	Illumina NovaSeq 6000 sequencing: GSM7475115: P47, replicate_1, left, frozen tissue OCT, visium Homo sapiens RNA-Seq	P47, replicate_1, left, frozen tissue OCT, visium
SRR24916206	SRX20677092	SAMN35724369	GSM7475112	GSM7475112	RNA-Seq	Illumina NovaSeq 6000	ILLUMINA	461115960	59945074800	Illumina NovaSeq 6000 sequencing: GSM7475112: P10, replicate_1, contra, frozen tissue OCT, visium Homo sapiens RNA-Seq	P10, replicate_1, contra, frozen tissue OCT, visium
SRR24975292	SRX20733009	SAMN35813495	GSM7500500	GSM7500500	RNA-Seq	Illumina NovaSeq 6000	ILLUMINA	239095911	21757727901	Illumina NovaSeq 6000 sequencing: GSM7500500: hbca_c49,P43,replicate_1,contra,overnight_digestion Homo sapiens RNA-Seq	hbca_c49,P43,replicate_1,contra,overnight_digestion
SRR24975295	SRX20733007	SAMN35813551	GSM7500444	GSM7500444	RNA-Seq	Illumina NovaSeq 6000	ILLUMINA	100827091	9175265281	Illumina NovaSeq 6000 sequencing: GSM7500444: hbca_c135,P94,replicate_1,right,3hr_digestion Homo sapiens RNA-Seq	hbca_c135,P94,replicate_1,right,3hr_digestion
SRR24975298	SRX20733005	SAMN35813552	GSM7500443	GSM7500443	RNA-Seq	Illumina NovaSeq 6000	ILLUMINA	106290134	9672402194	Illumina NovaSeq 6000 sequencing: GSM7500443: hbca_c134,P93,replicate_1,right,2hr_digstion Homo sapiens RNA-Seq	hbca_c134,P93,replicate_1,right,2hr_digstion
SRR24975299	SRX20733005	SAMN35813552	GSM7500443	GSM7500443	RNA-Seq	Illumina NovaSeq 6000	ILLUMINA	109494828	9964029348	Illumina NovaSeq 6000 sequencing: GSM7500443: hbca_c134,P93,replicate_1,right,2hr_digstion Homo sapiens RNA-Seq	hbca_c134,P93,replicate_1,right,2hr_digstion
SRR24975307	SRX20733003	SAMN35813554	GSM7500441	GSM7500441	RNA-Seq	Illumina NovaSeq 6000	ILLUMINA	54526028	4961868548	Illumina NovaSeq 6000 sequencing: GSM7500441: hbca_c132,P91,replicate_1,left,6hr_digestion Homo sapiens RNA-Seq	hbca_c132,P91,replicate_1,left,6hr_digestion
SRR24975308	SRX20733003	SAMN35813554	GSM7500441	GSM7500441	RNA-Seq	Illumina NovaSeq 6000	ILLUMINA	53619173	4879344743	Illumina NovaSeq 6000 sequencing: GSM7500441: hbca_c132,P91,replicate_1,left,6hr_digestion Homo sapiens RNA-Seq	hbca_c132,P91,replicate_1,left,6hr_digestion
SRR24975309	SRX20733003	SAMN35813554	GSM7500441	GSM7500441	RNA-Seq	Illumina NovaSeq 6000	ILLUMINA	53680852	4884957532	Illumina NovaSeq 6000 sequencing: GSM7500441: hbca_c132,P91,replicate_1,left,6hr_digestion Homo sapiens RNA-Seq	hbca_c132,P91,replicate_1,left,6hr_digestion
SRR24975310	SRX20733002	SAMN35813559	GSM7500436	GSM7500436	RNA-Seq	Illumina NovaSeq 6000	ILLUMINA	92535207	8420703837	Illumina NovaSeq 6000 sequencing: GSM7500436: hbca_c127,P86,replicate_1,right,2hr_digstion Homo sapiens RNA-Seq	hbca_c127,P86,replicate_1,right,2hr_digstion
SRR24975314	SRX20733001	SAMN35813556	GSM7500439	GSM7500439	RNA-Seq	Illumina NovaSeq 6000	ILLUMINA	92476851	8415393441	Illumina NovaSeq 6000 sequencing: GSM7500439: hbca_c130,P89,replicate_1,right,2hr_digstion Homo sapiens RNA-Seq	hbca_c130,P89,replicate_1,right,2hr_digstion
SRR24975317	SRX20733000	SAMN35813557	GSM7500438	GSM7500438	RNA-Seq	Illumina NovaSeq 6000	ILLUMINA	90053486	8194867226	Illumina NovaSeq 6000 sequencing: GSM7500438: hbca_c129,P88,replicate_1,right,3hr_digestion Homo sapiens RNA-Seq	hbca_c129,P88,replicate_1,right,3hr_digestion
SRR24975318	SRX20733000	SAMN35813557	GSM7500438	GSM7500438	RNA-Seq	Illumina NovaSeq 6000	ILLUMINA	89694967	8162241997	Illumina NovaSeq 6000 sequencing: GSM7500438: hbca_c129,P88,replicate_1,right,3hr_digestion Homo sapiens RNA-Seq	hbca_c129,P88,replicate_1,right,3hr_digestion
SRR24975325	SRX20732998	SAMN35813560	GSM7500435	GSM7500435	RNA-Seq	Illumina NovaSeq 6000	ILLUMINA	102584638	9335202058	Illumina NovaSeq 6000 sequencing: GSM7500435: hbca_c126,P85,replicate_1,right,2hr_digstion Homo sapiens RNA-Seq	hbca_c126,P85,replicate_1,right,2hr_digstion
SRR24975326	SRX20732998	SAMN35813560	GSM7500435	GSM7500435	RNA-Seq	Illumina NovaSeq 6000	ILLUMINA	100734954	9166880814	Illumina NovaSeq 6000 sequencing: GSM7500435: hbca_c126,P85,replicate_1,right,2hr_digstion Homo sapiens RNA-Seq	hbca_c126,P85,replicate_1,right,2hr_digstion
SRR24975327	SRX20733002	SAMN35813559	GSM7500436	GSM7500436	RNA-Seq	Illumina NovaSeq 6000	ILLUMINA	89032453	8101953223	Illumina NovaSeq 6000 sequencing: GSM7500436: hbca_c127,P86,replicate_1,right,2hr_digstion Homo sapiens RNA-Seq	hbca_c127,P86,replicate_1,right,2hr_digstion
SRR24975329	SRX20732997	SAMN35813561	GSM7500434	GSM7500434	RNA-Seq	Illumina NovaSeq 6000	ILLUMINA	89332341	8129243031	Illumina NovaSeq 6000 sequencing: GSM7500434: hbca_c125,P84,replicate_1,right,2hr_digstion Homo sapiens RNA-Seq	hbca_c125,P84,replicate_1,right,2hr_digstion
SRR24975331	SRX20732997	SAMN35813561	GSM7500434	GSM7500434	RNA-Seq	Illumina NovaSeq 6000	ILLUMINA	87412921	7954575811	Illumina NovaSeq 6000 sequencing: GSM7500434: hbca_c125,P84,replicate_1,right,2hr_digstion Homo sapiens RNA-Seq	hbca_c125,P84,replicate_1,right,2hr_digstion
SRR24975332	SRX20732996	SAMN35813541	GSM7500454	GSM7500454	RNA-Seq	Illumina NovaSeq 6000	ILLUMINA	101016450	9192496950	Illumina NovaSeq 6000 sequencing: GSM7500454: hbca_c145,P104,replicate_1,right,2hr_digstion Homo sapiens RNA-Seq	hbca_c145,P104,replicate_1,right,2hr_digstion
SRR24975336	SRX20732994	SAMN35813546	GSM7500449	GSM7500449	RNA-Seq	Illumina NovaSeq 6000	ILLUMINA	98342524	8949169684	Illumina NovaSeq 6000 sequencing: GSM7500449: hbca_c140,P99,replicate_1,left,3hr_digestion Homo sapiens RNA-Seq	hbca_c140,P99,replicate_1,left,3hr_digestion
SRR24975337	SRX20732994	SAMN35813546	GSM7500449	GSM7500449	RNA-Seq	Illumina NovaSeq 6000	ILLUMINA	97280626	8852536966	Illumina NovaSeq 6000 sequencing: GSM7500449: hbca_c140,P99,replicate_1,left,3hr_digestion Homo sapiens RNA-Seq	hbca_c140,P99,replicate_1,left,3hr_digestion
SRR24975340	SRX20732993	SAMN35813543	GSM7500452	GSM7500452	RNA-Seq	Illumina NovaSeq 6000	ILLUMINA	103286143	9399039013	Illumina NovaSeq 6000 sequencing: GSM7500452: hbca_c143,P102,replicate_1,left,2hr_digstion Homo sapiens RNA-Seq	hbca_c143,P102,replicate_1,left,2hr_digstion
SRR24975346	SRX20732992	SAMN35813544	GSM7500451	GSM7500451	RNA-Seq	Illumina NovaSeq 6000	ILLUMINA	113357710	10315551610	Illumina NovaSeq 6000 sequencing: GSM7500451: hbca_c142,P101,replicate_1,right,3hr_digestion Homo sapiens RNA-Seq	hbca_c142,P101,replicate_1,right,3hr_digestion
SRR24975347	SRX20732991	SAMN35813545	GSM7500450	GSM7500450	RNA-Seq	Illumina NovaSeq 6000	ILLUMINA	106611839	9701677349	Illumina NovaSeq 6000 sequencing: GSM7500450: hbca_c141,P100,replicate_1,right,2hr_digstion Homo sapiens RNA-Seq	hbca_c141,P100,replicate_1,right,2hr_digstion
SRR24975348	SRX20732991	SAMN35813545	GSM7500450	GSM7500450	RNA-Seq	Illumina NovaSeq 6000	ILLUMINA	109638923	9977141993	Illumina NovaSeq 6000 sequencing: GSM7500450: hbca_c141,P100,replicate_1,right,2hr_digstion Homo sapiens RNA-Seq	hbca_c141,P100,replicate_1,right,2hr_digstion
SRR24975349	SRX20732991	SAMN35813545	GSM7500450	GSM7500450	RNA-Seq	Illumina NovaSeq 6000	ILLUMINA	108334597	9858448327	Illumina NovaSeq 6000 sequencing: GSM7500450: hbca_c141,P100,replicate_1,right,2hr_digstion Homo sapiens RNA-Seq	hbca_c141,P100,replicate_1,right,2hr_digstion
SRR24975350	SRX20732991	SAMN35813545	GSM7500450	GSM7500450	RNA-Seq	Illumina NovaSeq 6000	ILLUMINA	108312978	9856480998	Illumina NovaSeq 6000 sequencing: GSM7500450: hbca_c141,P100,replicate_1,right,2hr_digstion Homo sapiens RNA-Seq	hbca_c141,P100,replicate_1,right,2hr_digstion
SRR24975351	SRX20732990	SAMN35813547	GSM7500448	GSM7500448	RNA-Seq	Illumina NovaSeq 6000	ILLUMINA	94025533	8556323503	Illumina NovaSeq 6000 sequencing: GSM7500448: hbca_c139,P98,replicate_1,left,3hr_digestion Homo sapiens RNA-Seq	hbca_c139,P98,replicate_1,left,3hr_digestion
SRR24975355	SRX20732989	SAMN35813548	GSM7500447	GSM7500447	RNA-Seq	Illumina NovaSeq 6000	ILLUMINA	110219872	10030008352	Illumina NovaSeq 6000 sequencing: GSM7500447: hbca_c138,P97,replicate_1,right,3hr_digestion Homo sapiens RNA-Seq	hbca_c138,P97,replicate_1,right,3hr_digestion
SRR24975362	SRX20732988	SAMN35813549	GSM7500446	GSM7500446	RNA-Seq	Illumina NovaSeq 6000	ILLUMINA	103303930	9400657630	Illumina NovaSeq 6000 sequencing: GSM7500446: hbca_c137,P96,replicate_1,left,2hr_digstion Homo sapiens RNA-Seq	hbca_c137,P96,replicate_1,left,2hr_digstion
SRR24975363	SRX20732987	SAMN35813550	GSM7500445	GSM7500445	RNA-Seq	Illumina NovaSeq 6000	ILLUMINA	100626367	9156999397	Illumina NovaSeq 6000 sequencing: GSM7500445: hbca_c136,P95,replicate_1,left,6hr_digestion Homo sapiens RNA-Seq	hbca_c136,P95,replicate_1,left,6hr_digestion
SRR24975367	SRX20732986	SAMN35813564	GSM7500431	GSM7500431	RNA-Seq	Illumina NovaSeq 6000	ILLUMINA	105436351	9594707941	Illumina NovaSeq 6000 sequencing: GSM7500431: hbca_c122,P81,replicate_1,right,2hr_digstion Homo sapiens RNA-Seq	hbca_c122,P81,replicate_1,right,2hr_digstion
SRR24975371	SRX20732985	SAMN35813563	GSM7500432	GSM7500432	RNA-Seq	Illumina NovaSeq 6000	ILLUMINA	105906526	9637493866	Illumina NovaSeq 6000 sequencing: GSM7500432: hbca_c123,P82,replicate_1,right,3hr_digestion Homo sapiens RNA-Seq	hbca_c123,P82,replicate_1,right,3hr_digestion
SRR24975381	SRX20733007	SAMN35813551	GSM7500444	GSM7500444	RNA-Seq	Illumina NovaSeq 6000	ILLUMINA	102454048	9323318368	Illumina NovaSeq 6000 sequencing: GSM7500444: hbca_c135,P94,replicate_1,right,3hr_digestion Homo sapiens RNA-Seq	hbca_c135,P94,replicate_1,right,3hr_digestion
SRR24975385	SRX20732983	SAMN35813565	GSM7500430	GSM7500430	RNA-Seq	Illumina NovaSeq 6000	ILLUMINA	88303443	8035613313	Illumina NovaSeq 6000 sequencing: GSM7500430: hbca_c121,P80,replicate_1,right,2hr_digstion Homo sapiens RNA-Seq	hbca_c121,P80,replicate_1,right,2hr_digstion
SRR24975388	SRX20732998	SAMN35813560	GSM7500435	GSM7500435	RNA-Seq	Illumina NovaSeq 6000	ILLUMINA	96372430	8769891130	Illumina NovaSeq 6000 sequencing: GSM7500435: hbca_c126,P85,replicate_1,right,2hr_digstion Homo sapiens RNA-Seq	hbca_c126,P85,replicate_1,right,2hr_digstion
SRR24975392	SRX20732982	SAMN35813566	GSM7500429	GSM7500429	RNA-Seq	Illumina NovaSeq 6000	ILLUMINA	88826560	8083216960	Illumina NovaSeq 6000 sequencing: GSM7500429: hbca_c120,P79,replicate_1,left,3hr_digestion Homo sapiens RNA-Seq	hbca_c120,P79,replicate_1,left,3hr_digestion
SRR24975393	SRX20732981	SAMN35813567	GSM7500428	GSM7500428	RNA-Seq	Illumina NovaSeq 6000	ILLUMINA	77194658	7024713878	Illumina NovaSeq 6000 sequencing: GSM7500428: hbca_c119,P78,replicate_1,right,2hr_digstion Homo sapiens RNA-Seq	hbca_c119,P78,replicate_1,right,2hr_digstion
SRR24975396	SRX20732981	SAMN35813567	GSM7500428	GSM7500428	RNA-Seq	Illumina NovaSeq 6000	ILLUMINA	74193780	6751633980	Illumina NovaSeq 6000 sequencing: GSM7500428: hbca_c119,P78,replicate_1,right,2hr_digstion Homo sapiens RNA-Seq	hbca_c119,P78,replicate_1,right,2hr_digstion
SRR24975399	SRX20732980	SAMN35813568	GSM7500427	GSM7500427	RNA-Seq	Illumina NovaSeq 6000	ILLUMINA	115854570	10542765870	Illumina NovaSeq 6000 sequencing: GSM7500427: hbca_c118,P77,replicate_1,left,3hr_digestion Homo sapiens RNA-Seq	hbca_c118,P77,replicate_1,left,3hr_digestion
SRR24975403	SRX20732979	SAMN35813576	GSM7500419	GSM7500419	RNA-Seq	Illumina NovaSeq 6000	ILLUMINA	184504877	16789943807	Illumina NovaSeq 6000 sequencing: GSM7500419: hbca_c110,P69,replicate_1,right,2hr_digstion Homo sapiens RNA-Seq	hbca_c110,P69,replicate_1,right,2hr_digstion
SRR24975405	SRX20732984	SAMN35813569	GSM7500426	GSM7500426	RNA-Seq	Illumina NovaSeq 6000	ILLUMINA	119223649	10849352059	Illumina NovaSeq 6000 sequencing: GSM7500426: hbca_c117,P76,replicate_1,left,3hr_digestion Homo sapiens RNA-Seq	hbca_c117,P76,replicate_1,left,3hr_digestion
SRR24975406	SRX20732984	SAMN35813569	GSM7500426	GSM7500426	RNA-Seq	Illumina NovaSeq 6000	ILLUMINA	118576030	10790418730	Illumina NovaSeq 6000 sequencing: GSM7500426: hbca_c117,P76,replicate_1,left,3hr_digestion Homo sapiens RNA-Seq	hbca_c117,P76,replicate_1,left,3hr_digestion
SRR24975409	SRX20732978	SAMN35813570	GSM7500425	GSM7500425	RNA-Seq	Illumina NovaSeq 6000	ILLUMINA	115657470	10524829770	Illumina NovaSeq 6000 sequencing: GSM7500425: hbca_c116,P75,replicate_1,left,3hr_digestion Homo sapiens RNA-Seq	hbca_c116,P75,replicate_1,left,3hr_digestion
SRR24975416	SRX20732975	SAMN35813590	GSM7500405	GSM7500405	RNA-Seq	Illumina NovaSeq 6000	ILLUMINA	172306967	15679933997	Illumina NovaSeq 6000 sequencing: GSM7500405: hbca_c95,P60,replicate_1,right,3hr_digestion Homo sapiens RNA-Seq	hbca_c95,P60,replicate_1,right,3hr_digestion
SRR24975427	SRX20732970	SAMN35813594	GSM7500401	GSM7500401	RNA-Seq	Illumina NovaSeq 6000	ILLUMINA	217329642	19776997422	Illumina NovaSeq 6000 sequencing: GSM7500401: hbca_c92,P59,replicate_1,left,3hr_digestion Homo sapiens RNA-Seq	hbca_c92,P59,replicate_1,left,3hr_digestion
SRR24975428	SRX20732970	SAMN35813594	GSM7500401	GSM7500401	RNA-Seq	Illumina NovaSeq 6000	ILLUMINA	218035557	19841235687	Illumina NovaSeq 6000 sequencing: GSM7500401: hbca_c92,P59,replicate_1,left,3hr_digestion Homo sapiens RNA-Seq	hbca_c92,P59,replicate_1,left,3hr_digestion
SRR24975429	SRX20732969	SAMN35813595	GSM7500400	GSM7500400	RNA-Seq	Illumina NovaSeq 6000	ILLUMINA	135457622	12326643602	Illumina NovaSeq 6000 sequencing: GSM7500400: hbca_c91,P41,replicate_1,right,4hr_digestion Homo sapiens RNA-Seq	hbca_c91,P41,replicate_1,right,4hr_digestion
SRR24975433	SRX20732967	SAMN35813597	GSM7500398	GSM7500398	RNA-Seq	Illumina NovaSeq 6000	ILLUMINA	193030055	17565735005	Illumina NovaSeq 6000 sequencing: GSM7500398: hbca_c89,P58,replicate_1,right,3hr_digestion Homo sapiens RNA-Seq	hbca_c89,P58,replicate_1,right,3hr_digestion
SRR24975437	SRX20732965	SAMN35813600	GSM7500395	GSM7500395	RNA-Seq	Illumina NovaSeq 6000	ILLUMINA	182368947	16595574177	Illumina NovaSeq 6000 sequencing: GSM7500395: hbca_c86,P40,replicate_1,left,3hr_digestion Homo sapiens RNA-Seq	hbca_c86,P40,replicate_1,left,3hr_digestion
SRR24975441	SRX20732963	SAMN35813602	GSM7500393	GSM7500393	RNA-Seq	Illumina NovaSeq 6000	ILLUMINA	238285686	21683997426	Illumina NovaSeq 6000 sequencing: GSM7500393: hbca_c84,P39,replicate_1,left,3hr_digestion Homo sapiens RNA-Seq	hbca_c84,P39,replicate_1,left,3hr_digestion
SRR24975444	SRX20732961	SAMN35813496	GSM7500499	GSM7500499	RNA-Seq	Illumina NovaSeq 6000	ILLUMINA	200858131	18278089921	Illumina NovaSeq 6000 sequencing: GSM7500499: hbca_c48,P43,replicate_1,contra,3hr_digestion Homo sapiens RNA-Seq	hbca_c48,P43,replicate_1,contra,3hr_digestion
SRR24975446	SRX20732960	SAMN35813497	GSM7500498	GSM7500498	RNA-Seq	Illumina NovaSeq 6000	ILLUMINA	181497463	16516269133	Illumina NovaSeq 6000 sequencing: GSM7500498: hbca_c47,P43,replicate_1,contra,short_digestion Homo sapiens RNA-Seq	hbca_c47,P43,replicate_1,contra,short_digestion
SRR24975447	SRX20732960	SAMN35813497	GSM7500498	GSM7500498	RNA-Seq	Illumina NovaSeq 6000	ILLUMINA	176736786	16083047526	Illumina NovaSeq 6000 sequencing: GSM7500498: hbca_c47,P43,replicate_1,contra,short_digestion Homo sapiens RNA-Seq	hbca_c47,P43,replicate_1,contra,short_digestion
SRR24975451	SRX20732958	SAMN35813498	GSM7500497	GSM7500497	RNA-Seq	Illumina NovaSeq 6000	ILLUMINA	204458163	18605692833	Illumina NovaSeq 6000 sequencing: GSM7500497: hbca_c46,P42,replicate_1,contra,short_digestion Homo sapiens RNA-Seq	hbca_c46,P42,replicate_1,contra,short_digestion
SRR24975452	SRX20733011	SAMN35813493	GSM7500502	GSM7500502	RNA-Seq	Illumina HiSeq 4000	ILLUMINA	18730024	1835542352	Illumina HiSeq 4000 sequencing: GSM7500502: hbca_c16,P13,replicate_1,both,overnight_digestion Homo sapiens RNA-Seq	hbca_c16,P13,replicate_1,both,overnight_digestion
SRR24975453	SRX20732957	SAMN35813500	GSM7500495	GSM7500495	RNA-Seq	Illumina NovaSeq 6000	ILLUMINA	231993822	21111437802	Illumina NovaSeq 6000 sequencing: GSM7500495: hbca_c44,P35,replicate_1,contra,overnight_digestion Homo sapiens RNA-Seq	hbca_c44,P35,replicate_1,contra,overnight_digestion
SRR24975455	SRX20732956	SAMN35813502	GSM7500493	GSM7500493	RNA-Seq	Illumina NovaSeq 6000	ILLUMINA	155315371	14133698761	Illumina NovaSeq 6000 sequencing: GSM7500493: hbca_c31,P24,replicate_1,NA,6hr_digestion Homo sapiens RNA-Seq	hbca_c31,P24,replicate_1,NA,6hr_digestion
SRR24975456	SRX20732956	SAMN35813502	GSM7500493	GSM7500493	RNA-Seq	Illumina NovaSeq 6000	ILLUMINA	162444483	14782447953	Illumina NovaSeq 6000 sequencing: GSM7500493: hbca_c31,P24,replicate_1,NA,6hr_digestion Homo sapiens RNA-Seq	hbca_c31,P24,replicate_1,NA,6hr_digestion
SRR24975458	SRX20732955	SAMN35813509	GSM7500486	GSM7500486	RNA-Seq	Illumina NovaSeq 6000	ILLUMINA	199958430	18196217130	Illumina NovaSeq 6000 sequencing: GSM7500486: hbca_c41,P32,replicate_1,contra,overnight_digestion Homo sapiens RNA-Seq	hbca_c41,P32,replicate_1,contra,overnight_digestion
SRR24975459	SRX20733010	SAMN35813501	GSM7500494	GSM7500494	RNA-Seq	Illumina NovaSeq 6000	ILLUMINA	179190011	16306291001	Illumina NovaSeq 6000 sequencing: GSM7500494: hbca_c32,P24,replicate_1,NA,overnight_digestion Homo sapiens RNA-Seq	hbca_c32,P24,replicate_1,NA,overnight_digestion
SRR24975461	SRX20732954	SAMN35813503	GSM7500492	GSM7500492	RNA-Seq	Illumina NovaSeq 6000	ILLUMINA	187151124	17030752284	Illumina NovaSeq 6000 sequencing: GSM7500492: hbca_c30,P23,replicate_2,contra,short_digestion Homo sapiens RNA-Seq	hbca_c30,P23,replicate_2,contra,short_digestion
SRR24975463	SRX20732953	SAMN35813504	GSM7500491	GSM7500491	RNA-Seq	Illumina NovaSeq 6000	ILLUMINA	192395861	17508023351	Illumina NovaSeq 6000 sequencing: GSM7500491: hbca_c29,P23,replicate_1,contra,short_digestion Homo sapiens RNA-Seq	hbca_c29,P23,replicate_1,contra,short_digestion
SRR24975464	SRX20732952	SAMN35813505	GSM7500490	GSM7500490	RNA-Seq	Illumina NovaSeq 6000	ILLUMINA	194904130	17736275830	Illumina NovaSeq 6000 sequencing: GSM7500490: hbca_c28,P22,replicate_1,contra,short_digestion Homo sapiens RNA-Seq	hbca_c28,P22,replicate_1,contra,short_digestion
SRR24975466	SRX20732951	SAMN35813506	GSM7500489	GSM7500489	RNA-Seq	Illumina NovaSeq 6000	ILLUMINA	174738885	15901238535	Illumina NovaSeq 6000 sequencing: GSM7500489: hbca_c27,P21,replicate_1,contra,overnight_digestion Homo sapiens RNA-Seq	hbca_c27,P21,replicate_1,contra,overnight_digestion
SRR24975468	SRX20732950	SAMN35813507	GSM7500488	GSM7500488	RNA-Seq	Illumina NovaSeq 6000	ILLUMINA	198826205	18093184655	Illumina NovaSeq 6000 sequencing: GSM7500488: hbca_c43,P34,replicate_1,contra,overnight_digestion Homo sapiens RNA-Seq	hbca_c43,P34,replicate_1,contra,overnight_digestion
SRR24975470	SRX20732949	SAMN35813508	GSM7500487	GSM7500487	RNA-Seq	Illumina NovaSeq 6000	ILLUMINA	193638057	17621063187	Illumina NovaSeq 6000 sequencing: GSM7500487: hbca_c42,P33,replicate_1,contra,overnight_digestion Homo sapiens RNA-Seq	hbca_c42,P33,replicate_1,contra,overnight_digestion
SRR24975471	SRX20732949	SAMN35813508	GSM7500487	GSM7500487	RNA-Seq	Illumina NovaSeq 6000	ILLUMINA	195318709	17774002519	Illumina NovaSeq 6000 sequencing: GSM7500487: hbca_c42,P33,replicate_1,contra,overnight_digestion Homo sapiens RNA-Seq	hbca_c42,P33,replicate_1,contra,overnight_digestion
SRR24975478	SRX20732945	SAMN35813512	GSM7500483	GSM7500483	RNA-Seq	Illumina NovaSeq 6000	ILLUMINA	207453387	18878258217	Illumina NovaSeq 6000 sequencing: GSM7500483: hbca_c40,P37,replicate_1,contra,short_digestion Homo sapiens RNA-Seq	hbca_c40,P37,replicate_1,contra,short_digestion
SRR24975480	SRX20732944	SAMN35813513	GSM7500482	GSM7500482	RNA-Seq	Illumina NovaSeq 6000	ILLUMINA	201845491	18367939681	Illumina NovaSeq 6000 sequencing: GSM7500482: hbca_c33,P25,replicate_1,contra,overnight_digestion Homo sapiens RNA-Seq	hbca_c33,P25,replicate_1,contra,overnight_digestion
SRR24975483	SRX20732942	SAMN35813515	GSM7500480	GSM7500480	RNA-Seq	Illumina NovaSeq 6000	ILLUMINA	185081187	16842388017	Illumina NovaSeq 6000 sequencing: GSM7500480: hbca_c38,P30,replicate_1,right,overnight_digestion Homo sapiens RNA-Seq	hbca_c38,P30,replicate_1,right,overnight_digestion
SRR24975487	SRX20732940	SAMN35813524	GSM7500471	GSM7500471	RNA-Seq	Illumina HiSeq 4000	ILLUMINA	334609974	42160856724	Illumina HiSeq 4000 sequencing: GSM7500471: hbca_c09,P09,replicate_1,contra,short_digestion Homo sapiens RNA-Seq	hbca_c09,P09,replicate_1,contra,short_digestion
SRR24975489	SRX20732937	SAMN35813517	GSM7500478	GSM7500478	RNA-Seq	Illumina NovaSeq 6000	ILLUMINA	221336970	20141664270	Illumina NovaSeq 6000 sequencing: GSM7500478: hbca_c36,P28,replicate_1,contra,overnight_digestion Homo sapiens RNA-Seq	hbca_c36,P28,replicate_1,contra,overnight_digestion
SRR24975497	SRX20732933	SAMN35813521	GSM7500474	GSM7500474	RNA-Seq	Illumina HiSeq 4000	ILLUMINA	328799276	41428708776	Illumina HiSeq 4000 sequencing: GSM7500474: hbca_c12,P11,replicate_1,contra,short_digestion Homo sapiens RNA-Seq	hbca_c12,P11,replicate_1,contra,short_digestion
SRR24975500	SRX20732930	SAMN35813528	GSM7500467	GSM7500467	RNA-Seq	Illumina HiSeq 4000	ILLUMINA	330866587	41689189962	Illumina HiSeq 4000 sequencing: GSM7500467: hbca_c05,P05,replicate_1,contra,short_digestion Homo sapiens RNA-Seq	hbca_c05,P05,replicate_1,contra,short_digestion
SRR24975501	SRX20732929	SAMN35813529	GSM7500466	GSM7500466	RNA-Seq	Illumina HiSeq 4000	ILLUMINA	349034669	43978368294	Illumina HiSeq 4000 sequencing: GSM7500466: hbca_c04,P04,replicate_1,contra,short_digestion Homo sapiens RNA-Seq	hbca_c04,P04,replicate_1,contra,short_digestion
SRR24975506	SRX20732924	SAMN35813573	GSM7500422	GSM7500422	RNA-Seq	Illumina NovaSeq 6000	ILLUMINA	198263472	18041975952	Illumina NovaSeq 6000 sequencing: GSM7500422: hbca_c113,P72,replicate_1,right,2hr_digstion Homo sapiens RNA-Seq	hbca_c113,P72,replicate_1,right,2hr_digstion
SRR24975511	SRX20732922	SAMN35813575	GSM7500420	GSM7500420	RNA-Seq	Illumina NovaSeq 6000	ILLUMINA	207732362	18903644942	Illumina NovaSeq 6000 sequencing: GSM7500420: hbca_c111,P70,replicate_1,right,3hr_digestion Homo sapiens RNA-Seq	hbca_c111,P70,replicate_1,right,3hr_digestion
SRR24975514	SRX20732920	SAMN35813584	GSM7500411	GSM7500411	RNA-Seq	Illumina NovaSeq 6000	ILLUMINA	183567137	16704609467	Illumina NovaSeq 6000 sequencing: GSM7500411: hbca_c102,P63,replicate_1,right,3hr_digestion Homo sapiens RNA-Seq	hbca_c102,P63,replicate_1,right,3hr_digestion
SRR24975516	SRX20732979	SAMN35813576	GSM7500419	GSM7500419	RNA-Seq	Illumina NovaSeq 6000	ILLUMINA	183716463	16718198133	Illumina NovaSeq 6000 sequencing: GSM7500419: hbca_c110,P69,replicate_1,right,2hr_digstion Homo sapiens RNA-Seq	hbca_c110,P69,replicate_1,right,2hr_digstion
SRR24975521	SRX20732917	SAMN35813580	GSM7500415	GSM7500415	RNA-Seq	Illumina NovaSeq 6000	ILLUMINA	174110450	15844050950	Illumina NovaSeq 6000 sequencing: GSM7500415: hbca_c106,P65,replicate_1,right,2hr_digstion Homo sapiens RNA-Seq	hbca_c106,P65,replicate_1,right,2hr_digstion
SRR24975522	SRX20732917	SAMN35813580	GSM7500415	GSM7500415	RNA-Seq	Illumina NovaSeq 6000	ILLUMINA	175253668	15948083788	Illumina NovaSeq 6000 sequencing: GSM7500415: hbca_c106,P65,replicate_1,right,2hr_digstion Homo sapiens RNA-Seq	hbca_c106,P65,replicate_1,right,2hr_digstion
SRR24975523	SRX20732916	SAMN35813581	GSM7500414	GSM7500414	RNA-Seq	Illumina NovaSeq 6000	ILLUMINA	188477134	17151419194	Illumina NovaSeq 6000 sequencing: GSM7500414: hbca_c105,P65,replicate_1,left,2hr_digstion Homo sapiens RNA-Seq	hbca_c105,P65,replicate_1,left,2hr_digstion
SRR24975525	SRX20732915	SAMN35813582	GSM7500413	GSM7500413	RNA-Seq	Illumina NovaSeq 6000	ILLUMINA	181953431	16557762221	Illumina NovaSeq 6000 sequencing: GSM7500413: hbca_c104,P64,replicate_1,right,2hr_digstion Homo sapiens RNA-Seq	hbca_c104,P64,replicate_1,right,2hr_digstion
SRR24975531	SRX20732912	SAMN35813585	GSM7500410	GSM7500410	RNA-Seq	Illumina NovaSeq 6000	ILLUMINA	170494881	15515034171	Illumina NovaSeq 6000 sequencing: GSM7500410: hbca_c101,P63,replicate_1,left,3hr_digestion Homo sapiens RNA-Seq	hbca_c101,P63,replicate_1,left,3hr_digestion
SRR24975533	SRX20732911	SAMN35813586	GSM7500409	GSM7500409	RNA-Seq	Illumina NovaSeq 6000	ILLUMINA	200070105	18206379555	Illumina NovaSeq 6000 sequencing: GSM7500409: hbca_c99,P62,replicate_1,right,2hr_digstion Homo sapiens RNA-Seq	hbca_c99,P62,replicate_1,right,2hr_digstion
SRR24975536	SRX20732909	SAMN35813604	GSM7500391	GSM7500391	RNA-Seq	Illumina NovaSeq 6000	ILLUMINA	160713542	14624932322	Illumina NovaSeq 6000 sequencing: GSM7500391: hbca_c82,P38,replicate_1,left,3hr_digestion Homo sapiens RNA-Seq	hbca_c82,P38,replicate_1,left,3hr_digestion
SRR24975538	SRX20732908	SAMN35813606	GSM7500389	GSM7500389	RNA-Seq	Illumina NovaSeq 6000	ILLUMINA	188390928	17143574448	Illumina NovaSeq 6000 sequencing: GSM7500389: hbca_c80,P57,replicate_1,left,3hr_digestion Homo sapiens RNA-Seq	hbca_c80,P57,replicate_1,left,3hr_digestion
SRR24975539	SRX20732908	SAMN35813606	GSM7500389	GSM7500389	RNA-Seq	Illumina NovaSeq 6000	ILLUMINA	187501712	17062655792	Illumina NovaSeq 6000 sequencing: GSM7500389: hbca_c80,P57,replicate_1,left,3hr_digestion Homo sapiens RNA-Seq	hbca_c80,P57,replicate_1,left,3hr_digestion
SRR24975542	SRX20732966	SAMN35813605	GSM7500390	GSM7500390	RNA-Seq	Illumina NovaSeq 6000	ILLUMINA	184252217	16766951747	Illumina NovaSeq 6000 sequencing: GSM7500390: hbca_c81,P57,replicate_1,right,3hr_digestion Homo sapiens RNA-Seq	hbca_c81,P57,replicate_1,right,3hr_digestion
SRR24975544	SRX20732906	SAMN35813607	GSM7500388	GSM7500388	RNA-Seq	Illumina NovaSeq 6000	ILLUMINA	183077216	16660026656	Illumina NovaSeq 6000 sequencing: GSM7500388: hbca_c79,P56,replicate_1,right,6hr_digestion Homo sapiens RNA-Seq	hbca_c79,P56,replicate_1,right,6hr_digestion
SRR24975549	SRX20732903	SAMN35813610	GSM7500385	GSM7500385	RNA-Seq	Illumina NovaSeq 6000	ILLUMINA	215373234	19598964294	Illumina NovaSeq 6000 sequencing: GSM7500385: hbca_c76,P55,replicate_1,left,3hr_digestion Homo sapiens RNA-Seq	hbca_c76,P55,replicate_1,left,3hr_digestion
SRR24975551	SRX20732902	SAMN35813611	GSM7500384	GSM7500384	RNA-Seq	Illumina NovaSeq 6000	ILLUMINA	181055892	16476086172	Illumina NovaSeq 6000 sequencing: GSM7500384: hbca_c75,P54,replicate_1,right,3hr_digestion Homo sapiens RNA-Seq	hbca_c75,P54,replicate_1,right,3hr_digestion
SRR24975553	SRX20732901	SAMN35813612	GSM7500383	GSM7500383	RNA-Seq	Illumina NovaSeq 6000	ILLUMINA	200011083	18201008553	Illumina NovaSeq 6000 sequencing: GSM7500383: hbca_c74,P54,replicate_1,left,3hr_digestion Homo sapiens RNA-Seq	hbca_c74,P54,replicate_1,left,3hr_digestion
SRR24975555	SRX20732900	SAMN35813620	GSM7500375	GSM7500375	RNA-Seq	Illumina NovaSeq 6000	ILLUMINA	213022577	19385054507	Illumina NovaSeq 6000 sequencing: GSM7500375: hbca_c67,P51,replicate_1,left,3hr_digestion Homo sapiens RNA-Seq	hbca_c67,P51,replicate_1,left,3hr_digestion
SRR24975564	SRX20732895	SAMN35813618	GSM7500377	GSM7500377	RNA-Seq	Illumina NovaSeq 6000	ILLUMINA	237966687	21654968517	Illumina NovaSeq 6000 sequencing: GSM7500377: hbca_c69,P51,replicate_1,right,3hr_digestion Homo sapiens RNA-Seq	hbca_c69,P51,replicate_1,right,3hr_digestion
SRR24975565	SRX20732895	SAMN35813618	GSM7500377	GSM7500377	RNA-Seq	Illumina NovaSeq 6000	ILLUMINA	238108179	21667844289	Illumina NovaSeq 6000 sequencing: GSM7500377: hbca_c69,P51,replicate_1,right,3hr_digestion Homo sapiens RNA-Seq	hbca_c69,P51,replicate_1,right,3hr_digestion
SRR24975567	SRX20732894	SAMN35813619	GSM7500376	GSM7500376	RNA-Seq	Illumina NovaSeq 6000	ILLUMINA	241736369	21998009579	Illumina NovaSeq 6000 sequencing: GSM7500376: hbca_c66,P51,replicate_2,left,3hr_digestion Homo sapiens RNA-Seq	hbca_c66,P51,replicate_2,left,3hr_digestion
SRR24975572	SRX20732892	SAMN35813470	GSM7500525	GSM7500525	RNA-Seq	Illumina NovaSeq 6000	ILLUMINA	106287039	9672120549	Illumina NovaSeq 6000 sequencing: GSM7500525: hbca_c162,P121,replicate_1,contra,3hr_digestion Homo sapiens RNA-Seq	hbca_c162,P121,replicate_1,contra,3hr_digestion
SRR24975575	SRX20732892	SAMN35813470	GSM7500525	GSM7500525	RNA-Seq	Illumina NovaSeq 6000	ILLUMINA	33436084	3042683644	Illumina NovaSeq 6000 sequencing: GSM7500525: hbca_c162,P121,replicate_1,contra,3hr_digestion Homo sapiens RNA-Seq	hbca_c162,P121,replicate_1,contra,3hr_digestion
SRR24975577	SRX20733031	SAMN35813472	GSM7500523	GSM7500523	RNA-Seq	Illumina NovaSeq 6000	ILLUMINA	43580208	3965798928	Illumina NovaSeq 6000 sequencing: GSM7500523: hbca_c160,P119,replicate_1,contra,3hr_digestion Homo sapiens RNA-Seq	hbca_c160,P119,replicate_1,contra,3hr_digestion
SRR24975578	SRX20733031	SAMN35813472	GSM7500523	GSM7500523	RNA-Seq	Illumina NovaSeq 6000	ILLUMINA	21911688	1993963608	Illumina NovaSeq 6000 sequencing: GSM7500523: hbca_c160,P119,replicate_1,contra,3hr_digestion Homo sapiens RNA-Seq	hbca_c160,P119,replicate_1,contra,3hr_digestion
SRR24975587	SRX20733034	SAMN35813471	GSM7500524	GSM7500524	RNA-Seq	Illumina NovaSeq 6000	ILLUMINA	41412212	3768511292	Illumina NovaSeq 6000 sequencing: GSM7500524: hbca_c156,P115,replicate_1,contra,3hr_digestion Homo sapiens RNA-Seq	hbca_c156,P115,replicate_1,contra,3hr_digestion
SRR24975588	SRX20733034	SAMN35813471	GSM7500524	GSM7500524	RNA-Seq	Illumina NovaSeq 6000	ILLUMINA	105958477	9642221407	Illumina NovaSeq 6000 sequencing: GSM7500524: hbca_c156,P115,replicate_1,contra,3hr_digestion Homo sapiens RNA-Seq	hbca_c156,P115,replicate_1,contra,3hr_digestion
SRR24975591	SRX20733034	SAMN35813471	GSM7500524	GSM7500524	RNA-Seq	Illumina NovaSeq 6000	ILLUMINA	30732358	2796644578	Illumina NovaSeq 6000 sequencing: GSM7500524: hbca_c156,P115,replicate_1,contra,3hr_digestion Homo sapiens RNA-Seq	hbca_c156,P115,replicate_1,contra,3hr_digestion
SRR24975594	SRX20732890	SAMN35813538	GSM7500457	GSM7500457	RNA-Seq	Illumina NovaSeq 6000	ILLUMINA	106750744	9714317704	Illumina NovaSeq 6000 sequencing: GSM7500457: hbca_c148,P107,replicate_1,right,3hr_digestion Homo sapiens RNA-Seq	hbca_c148,P107,replicate_1,right,3hr_digestion
SRR24975596	SRX20732889	SAMN35813534	GSM7500461	GSM7500461	RNA-Seq	Illumina NovaSeq 6000	ILLUMINA	104247693	9486540063	Illumina NovaSeq 6000 sequencing: GSM7500461: hbca_c152,P111,replicate_1,left,3hr_digestion Homo sapiens RNA-Seq	hbca_c152,P111,replicate_1,left,3hr_digestion
SRR24975597	SRX20732889	SAMN35813534	GSM7500461	GSM7500461	RNA-Seq	Illumina NovaSeq 6000	ILLUMINA	103383619	9407909329	Illumina NovaSeq 6000 sequencing: GSM7500461: hbca_c152,P111,replicate_1,left,3hr_digestion Homo sapiens RNA-Seq	hbca_c152,P111,replicate_1,left,3hr_digestion
SRR24975599	SRX20732889	SAMN35813534	GSM7500461	GSM7500461	RNA-Seq	Illumina NovaSeq 6000	ILLUMINA	103261434	9396790494	Illumina NovaSeq 6000 sequencing: GSM7500461: hbca_c152,P111,replicate_1,left,3hr_digestion Homo sapiens RNA-Seq	hbca_c152,P111,replicate_1,left,3hr_digestion
SRR24975601	SRX20732888	SAMN35813535	GSM7500460	GSM7500460	RNA-Seq	Illumina NovaSeq 6000	ILLUMINA	104074886	9470814626	Illumina NovaSeq 6000 sequencing: GSM7500460: hbca_c151,P110,replicate_1,left,3hr_digestion Homo sapiens RNA-Seq	hbca_c151,P110,replicate_1,left,3hr_digestion
SRR24975602	SRX20732888	SAMN35813535	GSM7500460	GSM7500460	RNA-Seq	Illumina NovaSeq 6000	ILLUMINA	103353765	9405192615	Illumina NovaSeq 6000 sequencing: GSM7500460: hbca_c151,P110,replicate_1,left,3hr_digestion Homo sapiens RNA-Seq	hbca_c151,P110,replicate_1,left,3hr_digestion
SRR24975604	SRX20732887	SAMN35813536	GSM7500459	GSM7500459	RNA-Seq	Illumina NovaSeq 6000	ILLUMINA	96734919	8802877629	Illumina NovaSeq 6000 sequencing: GSM7500459: hbca_c150,P109,replicate_1,right,4hr_digestion Homo sapiens RNA-Seq	hbca_c150,P109,replicate_1,right,4hr_digestion
SRR24975609	SRX20732886	SAMN35813537	GSM7500458	GSM7500458	RNA-Seq	Illumina NovaSeq 6000	ILLUMINA	106070555	9652420505	Illumina NovaSeq 6000 sequencing: GSM7500458: hbca_c149,P108,replicate_1,right,3hr_digestion Homo sapiens RNA-Seq	hbca_c149,P108,replicate_1,right,3hr_digestion
SRR24975610	SRX20732886	SAMN35813537	GSM7500458	GSM7500458	RNA-Seq	Illumina NovaSeq 6000	ILLUMINA	105536723	9603841793	Illumina NovaSeq 6000 sequencing: GSM7500458: hbca_c149,P108,replicate_1,right,3hr_digestion Homo sapiens RNA-Seq	hbca_c149,P108,replicate_1,right,3hr_digestion
SRR24975612	SRX20732885	SAMN35813542	GSM7500453	GSM7500453	RNA-Seq	Illumina NovaSeq 6000	ILLUMINA	106243116	9668123556	Illumina NovaSeq 6000 sequencing: GSM7500453: hbca_c144,P103,replicate_1,right,3hr_digestion Homo sapiens RNA-Seq	hbca_c144,P103,replicate_1,right,3hr_digestion
SRR24975614	SRX20732885	SAMN35813542	GSM7500453	GSM7500453	RNA-Seq	Illumina NovaSeq 6000	ILLUMINA	104100668	9473160788	Illumina NovaSeq 6000 sequencing: GSM7500453: hbca_c144,P103,replicate_1,right,3hr_digestion Homo sapiens RNA-Seq	hbca_c144,P103,replicate_1,right,3hr_digestion
SRR24975616	SRX20732884	SAMN35813539	GSM7500456	GSM7500456	RNA-Seq	Illumina NovaSeq 6000	ILLUMINA	114822566	10448853506	Illumina NovaSeq 6000 sequencing: GSM7500456: hbca_c147,P106,replicate_1,right,3hr_digestion Homo sapiens RNA-Seq	hbca_c147,P106,replicate_1,right,3hr_digestion
SRR24975617	SRX20732884	SAMN35813539	GSM7500456	GSM7500456	RNA-Seq	Illumina NovaSeq 6000	ILLUMINA	114696936	10437421176	Illumina NovaSeq 6000 sequencing: GSM7500456: hbca_c147,P106,replicate_1,right,3hr_digestion Homo sapiens RNA-Seq	hbca_c147,P106,replicate_1,right,3hr_digestion
SRR24975620	SRX20732883	SAMN35813540	GSM7500455	GSM7500455	RNA-Seq	Illumina NovaSeq 6000	ILLUMINA	109555354	9969537214	Illumina NovaSeq 6000 sequencing: GSM7500455: hbca_c146,P105,replicate_1,left,3hr_digestion Homo sapiens RNA-Seq	hbca_c146,P105,replicate_1,left,3hr_digestion
SRR24975624	SRX20732882	SAMN35813621	GSM7500374	GSM7500374	RNA-Seq	Illumina NovaSeq 6000	ILLUMINA	209684732	19081310612	Illumina NovaSeq 6000 sequencing: GSM7500374: hbca_c65,P50,replicate_2,right,3hr_digestion Homo sapiens RNA-Seq	hbca_c65,P50,replicate_2,right,3hr_digestion
SRR24975625	SRX20732882	SAMN35813621	GSM7500374	GSM7500374	RNA-Seq	Illumina NovaSeq 6000	ILLUMINA	212466863	19334484533	Illumina NovaSeq 6000 sequencing: GSM7500374: hbca_c65,P50,replicate_2,right,3hr_digestion Homo sapiens RNA-Seq	hbca_c65,P50,replicate_2,right,3hr_digestion
SRR24975627	SRX20732996	SAMN35813541	GSM7500454	GSM7500454	RNA-Seq	Illumina NovaSeq 6000	ILLUMINA	99003161	9009287651	Illumina NovaSeq 6000 sequencing: GSM7500454: hbca_c145,P104,replicate_1,right,2hr_digstion Homo sapiens RNA-Seq	hbca_c145,P104,replicate_1,right,2hr_digstion
SRR24975628	SRX20732996	SAMN35813541	GSM7500454	GSM7500454	RNA-Seq	Illumina NovaSeq 6000	ILLUMINA	100508524	9146275684	Illumina NovaSeq 6000 sequencing: GSM7500454: hbca_c145,P104,replicate_1,right,2hr_digstion Homo sapiens RNA-Seq	hbca_c145,P104,replicate_1,right,2hr_digstion
SRR24975629	SRX20732881	SAMN35813623	GSM7500372	GSM7500372	RNA-Seq	Illumina NovaSeq 6000	ILLUMINA	190688713	17352672883	Illumina NovaSeq 6000 sequencing: GSM7500372: hbca_c63,P50,replicate_2,left,3hr_digestion Homo sapiens RNA-Seq	hbca_c63,P50,replicate_2,left,3hr_digestion
SRR24975631	SRX20732880	SAMN35813624	GSM7500371	GSM7500371	RNA-Seq	Illumina NovaSeq 6000	ILLUMINA	172037950	15655453450	Illumina NovaSeq 6000 sequencing: GSM7500371: hbca_c62,P50,replicate_1,left,3hr_digestion Homo sapiens RNA-Seq	hbca_c62,P50,replicate_1,left,3hr_digestion
SRR24975633	SRX20732879	SAMN35813625	GSM7500370	GSM7500370	RNA-Seq	Illumina NovaSeq 6000	ILLUMINA	200341103	18231040373	Illumina NovaSeq 6000 sequencing: GSM7500370: hbca_c59,P49,replicate_2,right,4hr_digestion Homo sapiens RNA-Seq	hbca_c59,P49,replicate_2,right,4hr_digestion
SRR24975634	SRX20732879	SAMN35813625	GSM7500370	GSM7500370	RNA-Seq	Illumina NovaSeq 6000	ILLUMINA	200574701	18252297791	Illumina NovaSeq 6000 sequencing: GSM7500370: hbca_c59,P49,replicate_2,right,4hr_digestion Homo sapiens RNA-Seq	hbca_c59,P49,replicate_2,right,4hr_digestion
SRR24975640	SRX20732876	SAMN35813628	GSM7500367	GSM7500367	RNA-Seq	Illumina NovaSeq 6000	ILLUMINA	226628221	20623168111	Illumina NovaSeq 6000 sequencing: GSM7500367: hbca_c58,P48,replicate_1,right,2hr_digstion Homo sapiens RNA-Seq	hbca_c58,P48,replicate_1,right,2hr_digstion
SRR24975647	SRX20732873	SAMN35813634	GSM7500361	GSM7500361	RNA-Seq	Illumina NovaSeq 6000	ILLUMINA	240590472	21893732952	Illumina NovaSeq 6000 sequencing: GSM7500361: hbca_c52,P45,replicate_1,right,3hr_digestion Homo sapiens RNA-Seq	hbca_c52,P45,replicate_1,right,3hr_digestion
SRR24975649	SRX20732872	SAMN35813633	GSM7500362	GSM7500362	RNA-Seq	Illumina NovaSeq 6000	ILLUMINA	223034983	20296183453	Illumina NovaSeq 6000 sequencing: GSM7500362: hbca_c53,P46,replicate_1,left,2hr_digstion Homo sapiens RNA-Seq	hbca_c53,P46,replicate_1,left,2hr_digstion
SRR24975650	SRX20732870	SAMN35813631	GSM7500364	GSM7500364	RNA-Seq	Illumina NovaSeq 6000	ILLUMINA	181891713	16552145883	Illumina NovaSeq 6000 sequencing: GSM7500364: hbca_c55,P47,replicate_1,left,2hr_digstion Homo sapiens RNA-Seq	hbca_c55,P47,replicate_1,left,2hr_digstion
SRR24975652	SRX20732869	SAMN35813630	GSM7500365	GSM7500365	RNA-Seq	Illumina NovaSeq 6000	ILLUMINA	179599623	16343565693	Illumina NovaSeq 6000 sequencing: GSM7500365: hbca_c56,P47,replicate_1,right,2hr_digstion Homo sapiens RNA-Seq	hbca_c56,P47,replicate_1,right,2hr_digstion
SRR24975658	SRX20733032	SAMN35813474	GSM7500521	GSM7500521	RNA-Seq	Illumina NovaSeq 6000	ILLUMINA	29727102	2705166282	Illumina NovaSeq 6000 sequencing: GSM7500521: hbca_c167,P126,replicate_1,contra,3hr_digestion Homo sapiens RNA-Seq	hbca_c167,P126,replicate_1,contra,3hr_digestion
SRR24975664	SRX20733031	SAMN35813472	GSM7500523	GSM7500523	RNA-Seq	Illumina NovaSeq 6000	ILLUMINA	81976657	7459875787	Illumina NovaSeq 6000 sequencing: GSM7500523: hbca_c160,P119,replicate_1,contra,3hr_digestion Homo sapiens RNA-Seq	hbca_c160,P119,replicate_1,contra,3hr_digestion
SRR24975665	SRX20733031	SAMN35813472	GSM7500523	GSM7500523	RNA-Seq	Illumina NovaSeq 6000	ILLUMINA	41753012	3799524092	Illumina NovaSeq 6000 sequencing: GSM7500523: hbca_c160,P119,replicate_1,contra,3hr_digestion Homo sapiens RNA-Seq	hbca_c160,P119,replicate_1,contra,3hr_digestion
SRR24975667	SRX20733030	SAMN35813473	GSM7500522	GSM7500522	RNA-Seq	Illumina NovaSeq 6000	ILLUMINA	49241177	4480947107	Illumina NovaSeq 6000 sequencing: GSM7500522: hbca_c157,P116,replicate_1,contra,3hr_digestion Homo sapiens RNA-Seq	hbca_c157,P116,replicate_1,contra,3hr_digestion
SRR24975670	SRX20733030	SAMN35813473	GSM7500522	GSM7500522	RNA-Seq	Illumina NovaSeq 6000	ILLUMINA	60798269	5532642479	Illumina NovaSeq 6000 sequencing: GSM7500522: hbca_c157,P116,replicate_1,contra,3hr_digestion Homo sapiens RNA-Seq	hbca_c157,P116,replicate_1,contra,3hr_digestion
SRR24975675	SRX20733029	SAMN35813476	GSM7500519	GSM7500519	RNA-Seq	Illumina NovaSeq 6000	ILLUMINA	5118800	465810800	Illumina NovaSeq 6000 sequencing: GSM7500519: hbca_c161,P120,replicate_1,contra,3hr_digestion Homo sapiens RNA-Seq	hbca_c161,P120,replicate_1,contra,3hr_digestion
SRR24975677	SRX20733029	SAMN35813476	GSM7500519	GSM7500519	RNA-Seq	Illumina NovaSeq 6000	ILLUMINA	143099953	8767416228	Illumina NovaSeq 6000 sequencing: GSM7500519: hbca_c161,P120,replicate_1,contra,3hr_digestion Homo sapiens RNA-Seq	hbca_c161,P120,replicate_1,contra,3hr_digestion
SRR24975680	SRX20733028	SAMN35813478	GSM7500517	GSM7500517	RNA-Seq	Illumina NovaSeq 6000	ILLUMINA	120711798	10984773618	Illumina NovaSeq 6000 sequencing: GSM7500517: hbca_c159,P118,replicate_1,contra,3hr_digestion Homo sapiens RNA-Seq	hbca_c159,P118,replicate_1,contra,3hr_digestion
SRR24975681	SRX20733028	SAMN35813478	GSM7500517	GSM7500517	RNA-Seq	Illumina NovaSeq 6000	ILLUMINA	133212284	12122317844	Illumina NovaSeq 6000 sequencing: GSM7500517: hbca_c159,P118,replicate_1,contra,3hr_digestion Homo sapiens RNA-Seq	hbca_c159,P118,replicate_1,contra,3hr_digestion
SRR24975682	SRX20733028	SAMN35813478	GSM7500517	GSM7500517	RNA-Seq	Illumina NovaSeq 6000	ILLUMINA	103218177	9392854107	Illumina NovaSeq 6000 sequencing: GSM7500517: hbca_c159,P118,replicate_1,contra,3hr_digestion Homo sapiens RNA-Seq	hbca_c159,P118,replicate_1,contra,3hr_digestion
SRR24975684	SRX20733027	SAMN35813475	GSM7500520	GSM7500520	RNA-Seq	Illumina NovaSeq 6000	ILLUMINA	21206706	1929810246	Illumina NovaSeq 6000 sequencing: GSM7500520: hbca_c164,P123,replicate_1,contra,3hr_digestion Homo sapiens RNA-Seq	hbca_c164,P123,replicate_1,contra,3hr_digestion
SRR24975686	SRX20733032	SAMN35813474	GSM7500521	GSM7500521	RNA-Seq	Illumina NovaSeq 6000	ILLUMINA	58965349	5365846759	Illumina NovaSeq 6000 sequencing: GSM7500521: hbca_c167,P126,replicate_1,contra,3hr_digestion Homo sapiens RNA-Seq	hbca_c167,P126,replicate_1,contra,3hr_digestion
SRR24975687	SRX20733027	SAMN35813475	GSM7500520	GSM7500520	RNA-Seq	Illumina NovaSeq 6000	ILLUMINA	15101565	1374242415	Illumina NovaSeq 6000 sequencing: GSM7500520: hbca_c164,P123,replicate_1,contra,3hr_digestion Homo sapiens RNA-Seq	hbca_c164,P123,replicate_1,contra,3hr_digestion
SRR24975688	SRX20733027	SAMN35813475	GSM7500520	GSM7500520	RNA-Seq	Illumina NovaSeq 6000	ILLUMINA	9350957	850937087	Illumina NovaSeq 6000 sequencing: GSM7500520: hbca_c164,P123,replicate_1,contra,3hr_digestion Homo sapiens RNA-Seq	hbca_c164,P123,replicate_1,contra,3hr_digestion
SRR24975690	SRX20733027	SAMN35813475	GSM7500520	GSM7500520	RNA-Seq	Illumina NovaSeq 6000	ILLUMINA	72390156	6587504196	Illumina NovaSeq 6000 sequencing: GSM7500520: hbca_c164,P123,replicate_1,contra,3hr_digestion Homo sapiens RNA-Seq	hbca_c164,P123,replicate_1,contra,3hr_digestion
SRR24975697	SRX20733027	SAMN35813475	GSM7500520	GSM7500520	RNA-Seq	Illumina NovaSeq 6000	ILLUMINA	19469049	1771683459	Illumina NovaSeq 6000 sequencing: GSM7500520: hbca_c164,P123,replicate_1,contra,3hr_digestion Homo sapiens RNA-Seq	hbca_c164,P123,replicate_1,contra,3hr_digestion
SRR24975698	SRX20733027	SAMN35813475	GSM7500520	GSM7500520	RNA-Seq	Illumina NovaSeq 6000	ILLUMINA	13072589	1189605599	Illumina NovaSeq 6000 sequencing: GSM7500520: hbca_c164,P123,replicate_1,contra,3hr_digestion Homo sapiens RNA-Seq	hbca_c164,P123,replicate_1,contra,3hr_digestion
SRR24975700	SRX20733029	SAMN35813476	GSM7500519	GSM7500519	RNA-Seq	Illumina NovaSeq 6000	ILLUMINA	31686432	2883465312	Illumina NovaSeq 6000 sequencing: GSM7500519: hbca_c161,P120,replicate_1,contra,3hr_digestion Homo sapiens RNA-Seq	hbca_c161,P120,replicate_1,contra,3hr_digestion
SRR24975705	SRX20733032	SAMN35813474	GSM7500521	GSM7500521	RNA-Seq	Illumina NovaSeq 6000	ILLUMINA	24542323	2233351393	Illumina NovaSeq 6000 sequencing: GSM7500521: hbca_c167,P126,replicate_1,contra,3hr_digestion Homo sapiens RNA-Seq	hbca_c167,P126,replicate_1,contra,3hr_digestion
SRR24975708	SRX20733026	SAMN35813479	GSM7500516	GSM7500516	RNA-Seq	Illumina NovaSeq 6000	ILLUMINA	104594839	9518130349	Illumina NovaSeq 6000 sequencing: GSM7500516: hbca_c163,P122,replicate_1,contra,3hr_digestion Homo sapiens RNA-Seq	hbca_c163,P122,replicate_1,contra,3hr_digestion
SRR24975709	SRX20733026	SAMN35813479	GSM7500516	GSM7500516	RNA-Seq	Illumina NovaSeq 6000	ILLUMINA	148099755	13477077705	Illumina NovaSeq 6000 sequencing: GSM7500516: hbca_c163,P122,replicate_1,contra,3hr_digestion Homo sapiens RNA-Seq	hbca_c163,P122,replicate_1,contra,3hr_digestion
SRR24975712	SRX20733026	SAMN35813479	GSM7500516	GSM7500516	RNA-Seq	Illumina NovaSeq 6000	ILLUMINA	27458396	2498714036	Illumina NovaSeq 6000 sequencing: GSM7500516: hbca_c163,P122,replicate_1,contra,3hr_digestion Homo sapiens RNA-Seq	hbca_c163,P122,replicate_1,contra,3hr_digestion
SRR24975713	SRX20733025	SAMN35813480	GSM7500515	GSM7500515	RNA-Seq	Illumina NovaSeq 6000	ILLUMINA	98805078	8991262098	Illumina NovaSeq 6000 sequencing: GSM7500515: hbca_c158,P117,replicate_1,contra,3hr_digestion Homo sapiens RNA-Seq	hbca_c158,P117,replicate_1,contra,3hr_digestion
SRR24975715	SRX20733025	SAMN35813480	GSM7500515	GSM7500515	RNA-Seq	Illumina NovaSeq 6000	ILLUMINA	106992065	9736277915	Illumina NovaSeq 6000 sequencing: GSM7500515: hbca_c158,P117,replicate_1,contra,3hr_digestion Homo sapiens RNA-Seq	hbca_c158,P117,replicate_1,contra,3hr_digestion
SRR24975718	SRX20733024	SAMN35813481	GSM7500514	GSM7500514	RNA-Seq	Illumina NovaSeq 6000	ILLUMINA	21103224	1920393384	Illumina NovaSeq 6000 sequencing: GSM7500514: hbca_c166,P125,replicate_1,contra,3hr_digestion Homo sapiens RNA-Seq	hbca_c166,P125,replicate_1,contra,3hr_digestion
SRR24975719	SRX20733024	SAMN35813481	GSM7500514	GSM7500514	RNA-Seq	Illumina NovaSeq 6000	ILLUMINA	19515377	1775899307	Illumina NovaSeq 6000 sequencing: GSM7500514: hbca_c166,P125,replicate_1,contra,3hr_digestion Homo sapiens RNA-Seq	hbca_c166,P125,replicate_1,contra,3hr_digestion
SRR24975721	SRX20733024	SAMN35813481	GSM7500514	GSM7500514	RNA-Seq	Illumina NovaSeq 6000	ILLUMINA	18330320	1668059120	Illumina NovaSeq 6000 sequencing: GSM7500514: hbca_c166,P125,replicate_1,contra,3hr_digestion Homo sapiens RNA-Seq	hbca_c166,P125,replicate_1,contra,3hr_digestion
SRR24975722	SRX20733024	SAMN35813481	GSM7500514	GSM7500514	RNA-Seq	Illumina NovaSeq 6000	ILLUMINA	18369946	1671665086	Illumina NovaSeq 6000 sequencing: GSM7500514: hbca_c166,P125,replicate_1,contra,3hr_digestion Homo sapiens RNA-Seq	hbca_c166,P125,replicate_1,contra,3hr_digestion
SRR24975723	SRX20733024	SAMN35813481	GSM7500514	GSM7500514	RNA-Seq	Illumina NovaSeq 6000	ILLUMINA	22507028	2048139548	Illumina NovaSeq 6000 sequencing: GSM7500514: hbca_c166,P125,replicate_1,contra,3hr_digestion Homo sapiens RNA-Seq	hbca_c166,P125,replicate_1,contra,3hr_digestion
SRR24975728	SRX20733021	SAMN35813484	GSM7500511	GSM7500511	RNA-Seq	Illumina HiSeq 4000	ILLUMINA	85370153	8366274994	Illumina HiSeq 4000 sequencing: GSM7500511: hbca_c19,P15,replicate_1,both,overnight_digestion Homo sapiens RNA-Seq	hbca_c19,P15,replicate_1,both,overnight_digestion
SRR24975729	SRX20733024	SAMN35813481	GSM7500514	GSM7500514	RNA-Seq	Illumina NovaSeq 6000	ILLUMINA	26991258	2456204478	Illumina NovaSeq 6000 sequencing: GSM7500514: hbca_c166,P125,replicate_1,contra,3hr_digestion Homo sapiens RNA-Seq	hbca_c166,P125,replicate_1,contra,3hr_digestion
SRR24975733	SRX20733023	SAMN35813482	GSM7500513	GSM7500513	RNA-Seq	Illumina NovaSeq 6000	ILLUMINA	105273904	9579925264	Illumina NovaSeq 6000 sequencing: GSM7500513: hbca_c154,P113,replicate_1,contra,3hr_digestion Homo sapiens RNA-Seq	hbca_c154,P113,replicate_1,contra,3hr_digestion
SRR24975734	SRX20733022	SAMN35813483	GSM7500512	GSM7500512	RNA-Seq	Illumina NovaSeq 6000	ILLUMINA	173464956	15785310996	Illumina NovaSeq 6000 sequencing: GSM7500512: hbca_c165,P124,replicate_1,contra,3hr_digestion Homo sapiens RNA-Seq	hbca_c165,P124,replicate_1,contra,3hr_digestion
SRR24975740	SRX20733017	SAMN35813487	GSM7500508	GSM7500508	RNA-Seq	Illumina HiSeq 4000	ILLUMINA	25170173	2466676954	Illumina HiSeq 4000 sequencing: GSM7500508: hbca_c22,P18,replicate_1,both,overnight_digestion Homo sapiens RNA-Seq	hbca_c22,P18,replicate_1,both,overnight_digestion
SRR24975745	SRX20733020	SAMN35813489	GSM7500506	GSM7500506	RNA-Seq	Illumina HiSeq 4000	ILLUMINA	117615753	11526343794	Illumina HiSeq 4000 sequencing: GSM7500506: hbca_c14,P12,replicate_1,both,overnight_digestion Homo sapiens RNA-Seq	hbca_c14,P12,replicate_1,both,overnight_digestion
SRR24975746	SRX20733017	SAMN35813487	GSM7500508	GSM7500508	RNA-Seq	Illumina HiSeq 4000	ILLUMINA	29718766	2912439068	Illumina HiSeq 4000 sequencing: GSM7500508: hbca_c22,P18,replicate_1,both,overnight_digestion Homo sapiens RNA-Seq	hbca_c22,P18,replicate_1,both,overnight_digestion
SRR24975753	SRX20733019	SAMN35813485	GSM7500510	GSM7500510	RNA-Seq	Illumina HiSeq 4000	ILLUMINA	81345345	7971843810	Illumina HiSeq 4000 sequencing: GSM7500510: hbca_c24,P19,replicate_1,both,overnight_digestion Homo sapiens RNA-Seq	hbca_c24,P19,replicate_1,both,overnight_digestion
SRR24975758	SRX20733018	SAMN35813486	GSM7500509	GSM7500509	RNA-Seq	Illumina HiSeq 4000	ILLUMINA	30501130	2989110740	Illumina HiSeq 4000 sequencing: GSM7500509: hbca_c23,P18,replicate_2,both,overnight_digestion Homo sapiens RNA-Seq	hbca_c23,P18,replicate_2,both,overnight_digestion
SRR24975763	SRX20733018	SAMN35813486	GSM7500509	GSM7500509	RNA-Seq	Illumina HiSeq 4000	ILLUMINA	13893596	1361572408	Illumina HiSeq 4000 sequencing: GSM7500509: hbca_c23,P18,replicate_2,both,overnight_digestion Homo sapiens RNA-Seq	hbca_c23,P18,replicate_2,both,overnight_digestion
SRR24975764	SRX20733018	SAMN35813486	GSM7500509	GSM7500509	RNA-Seq	Illumina HiSeq 4000	ILLUMINA	30564828	2995353144	Illumina HiSeq 4000 sequencing: GSM7500509: hbca_c23,P18,replicate_2,both,overnight_digestion Homo sapiens RNA-Seq	hbca_c23,P18,replicate_2,both,overnight_digestion
SRR24975768	SRX20733017	SAMN35813487	GSM7500508	GSM7500508	RNA-Seq	Illumina HiSeq 4000	ILLUMINA	23769114	2329373172	Illumina HiSeq 4000 sequencing: GSM7500508: hbca_c22,P18,replicate_1,both,overnight_digestion Homo sapiens RNA-Seq	hbca_c22,P18,replicate_1,both,overnight_digestion
SRR24975774	SRX20733011	SAMN35813493	GSM7500502	GSM7500502	RNA-Seq	Illumina HiSeq 4000	ILLUMINA	102810244	10075403912	Illumina HiSeq 4000 sequencing: GSM7500502: hbca_c16,P13,replicate_1,both,overnight_digestion Homo sapiens RNA-Seq	hbca_c16,P13,replicate_1,both,overnight_digestion
SRR24975781	SRX20733016	SAMN35813488	GSM7500507	GSM7500507	RNA-Seq	Illumina HiSeq 4000	ILLUMINA	72019166	7057878268	Illumina HiSeq 4000 sequencing: GSM7500507: hbca_c15,P12,replicate_2,both,overnight_digestion Homo sapiens RNA-Seq	hbca_c15,P12,replicate_2,both,overnight_digestion
SRR24975782	SRX20733016	SAMN35813488	GSM7500507	GSM7500507	RNA-Seq	Illumina HiSeq 4000	ILLUMINA	69707388	6831324024	Illumina HiSeq 4000 sequencing: GSM7500507: hbca_c15,P12,replicate_2,both,overnight_digestion Homo sapiens RNA-Seq	hbca_c15,P12,replicate_2,both,overnight_digestion
SRR24975784	SRX20733016	SAMN35813488	GSM7500507	GSM7500507	RNA-Seq	Illumina HiSeq 4000	ILLUMINA	20351325	1994429850	Illumina HiSeq 4000 sequencing: GSM7500507: hbca_c15,P12,replicate_2,both,overnight_digestion Homo sapiens RNA-Seq	hbca_c15,P12,replicate_2,both,overnight_digestion
SRR24975785	SRX20733016	SAMN35813488	GSM7500507	GSM7500507	RNA-Seq	Illumina HiSeq 4000	ILLUMINA	20987277	2056753146	Illumina HiSeq 4000 sequencing: GSM7500507: hbca_c15,P12,replicate_2,both,overnight_digestion Homo sapiens RNA-Seq	hbca_c15,P12,replicate_2,both,overnight_digestion
SRR24975786	SRX20733016	SAMN35813488	GSM7500507	GSM7500507	RNA-Seq	Illumina HiSeq 4000	ILLUMINA	13556490	1328536020	Illumina HiSeq 4000 sequencing: GSM7500507: hbca_c15,P12,replicate_2,both,overnight_digestion Homo sapiens RNA-Seq	hbca_c15,P12,replicate_2,both,overnight_digestion
SRR24975787	SRX20733016	SAMN35813488	GSM7500507	GSM7500507	RNA-Seq	Illumina HiSeq 4000	ILLUMINA	13169207	1290582286	Illumina HiSeq 4000 sequencing: GSM7500507: hbca_c15,P12,replicate_2,both,overnight_digestion Homo sapiens RNA-Seq	hbca_c15,P12,replicate_2,both,overnight_digestion
SRR24975792	SRX20733020	SAMN35813489	GSM7500506	GSM7500506	RNA-Seq	Illumina HiSeq 4000	ILLUMINA	9204673	902057954	Illumina HiSeq 4000 sequencing: GSM7500506: hbca_c14,P12,replicate_1,both,overnight_digestion Homo sapiens RNA-Seq	hbca_c14,P12,replicate_1,both,overnight_digestion
SRR24975793	SRX20733020	SAMN35813489	GSM7500506	GSM7500506	RNA-Seq	Illumina HiSeq 4000	ILLUMINA	18132145	1776950210	Illumina HiSeq 4000 sequencing: GSM7500506: hbca_c14,P12,replicate_1,both,overnight_digestion Homo sapiens RNA-Seq	hbca_c14,P12,replicate_1,both,overnight_digestion
SRR24975795	SRX20733020	SAMN35813489	GSM7500506	GSM7500506	RNA-Seq	Illumina HiSeq 4000	ILLUMINA	14778486	1448291628	Illumina HiSeq 4000 sequencing: GSM7500506: hbca_c14,P12,replicate_1,both,overnight_digestion Homo sapiens RNA-Seq	hbca_c14,P12,replicate_1,both,overnight_digestion
SRR24975799	SRX20733014	SAMN35813490	GSM7500505	GSM7500505	RNA-Seq	Illumina HiSeq 4000	ILLUMINA	61797629	6056167642	Illumina HiSeq 4000 sequencing: GSM7500505: hbca_c20,P16,replicate_1,both,overnight_digestion Homo sapiens RNA-Seq	hbca_c20,P16,replicate_1,both,overnight_digestion
SRR24975802	SRX20733014	SAMN35813490	GSM7500505	GSM7500505	RNA-Seq	Illumina HiSeq 4000	ILLUMINA	52597300	5154535400	Illumina HiSeq 4000 sequencing: GSM7500505: hbca_c20,P16,replicate_1,both,overnight_digestion Homo sapiens RNA-Seq	hbca_c20,P16,replicate_1,both,overnight_digestion
SRR24975805	SRX20733014	SAMN35813490	GSM7500505	GSM7500505	RNA-Seq	Illumina HiSeq 4000	ILLUMINA	66989628	6564983544	Illumina HiSeq 4000 sequencing: GSM7500505: hbca_c20,P16,replicate_1,both,overnight_digestion Homo sapiens RNA-Seq	hbca_c20,P16,replicate_1,both,overnight_digestion
SRR24975809	SRX20733015	SAMN35813491	GSM7500504	GSM7500504	RNA-Seq	Illumina HiSeq 4000	ILLUMINA	20632495	2021984510	Illumina HiSeq 4000 sequencing: GSM7500504: hbca_c21,P17,replicate_1,both,overnight_digestion Homo sapiens RNA-Seq	hbca_c21,P17,replicate_1,both,overnight_digestion
SRR24975810	SRX20733015	SAMN35813491	GSM7500504	GSM7500504	RNA-Seq	Illumina HiSeq 4000	ILLUMINA	27875974	2731845452	Illumina HiSeq 4000 sequencing: GSM7500504: hbca_c21,P17,replicate_1,both,overnight_digestion Homo sapiens RNA-Seq	hbca_c21,P17,replicate_1,both,overnight_digestion
SRR24975811	SRX20733015	SAMN35813491	GSM7500504	GSM7500504	RNA-Seq	Illumina HiSeq 4000	ILLUMINA	42163892	4132061416	Illumina HiSeq 4000 sequencing: GSM7500504: hbca_c21,P17,replicate_1,both,overnight_digestion Homo sapiens RNA-Seq	hbca_c21,P17,replicate_1,both,overnight_digestion
SRR24975813	SRX20733015	SAMN35813491	GSM7500504	GSM7500504	RNA-Seq	Illumina HiSeq 4000	ILLUMINA	34939921	3424112258	Illumina HiSeq 4000 sequencing: GSM7500504: hbca_c21,P17,replicate_1,both,overnight_digestion Homo sapiens RNA-Seq	hbca_c21,P17,replicate_1,both,overnight_digestion
SRR24975815	SRX20733015	SAMN35813491	GSM7500504	GSM7500504	RNA-Seq	Illumina HiSeq 4000	ILLUMINA	25871694	2535426012	Illumina HiSeq 4000 sequencing: GSM7500504: hbca_c21,P17,replicate_1,both,overnight_digestion Homo sapiens RNA-Seq	hbca_c21,P17,replicate_1,both,overnight_digestion
SRR24975817	SRX20733012	SAMN35813492	GSM7500503	GSM7500503	RNA-Seq	Illumina HiSeq 4000	ILLUMINA	83583437	8191176826	Illumina HiSeq 4000 sequencing: GSM7500503: hbca_c17,P13,replicate_2,both,overnight_digestion Homo sapiens RNA-Seq	hbca_c17,P13,replicate_2,both,overnight_digestion
SRR24975819	SRX20733012	SAMN35813492	GSM7500503	GSM7500503	RNA-Seq	Illumina HiSeq 4000	ILLUMINA	106010210	10389000580	Illumina HiSeq 4000 sequencing: GSM7500503: hbca_c17,P13,replicate_2,both,overnight_digestion Homo sapiens RNA-Seq	hbca_c17,P13,replicate_2,both,overnight_digestion
SRR24975820	SRX20733012	SAMN35813492	GSM7500503	GSM7500503	RNA-Seq	Illumina HiSeq 4000	ILLUMINA	85391678	8368384444	Illumina HiSeq 4000 sequencing: GSM7500503: hbca_c17,P13,replicate_2,both,overnight_digestion Homo sapiens RNA-Seq	hbca_c17,P13,replicate_2,both,overnight_digestion
SRR24975824	SRX20733012	SAMN35813492	GSM7500503	GSM7500503	RNA-Seq	Illumina HiSeq 4000	ILLUMINA	16590113	1625831074	Illumina HiSeq 4000 sequencing: GSM7500503: hbca_c17,P13,replicate_2,both,overnight_digestion Homo sapiens RNA-Seq	hbca_c17,P13,replicate_2,both,overnight_digestion
